date,account,category,amount,currency,converted amount,currency,description
01/06/2019,Dinheiro,Salário,1.682.2,BRL,1.682.2,BRL,Salário
01/06/2019,Dinheiro,Poupança,13.19,BRL,13.19,BRL,
01/06/2019,Dinheiro,Contas,-1.300,BRL,-1.300,BRL,Aluguel
01/06/2019,Dinheiro,Comida,-5.99,BRL,-5.99,BRL,Margarina
01/06/2019,Dinheiro,Comida,-12.48,BRL,-12.48,BRL,Almoço
01/06/2019,Dinheiro,Comida,-68.01,BRL,-68.01,BRL,Extra
01/06/2019,Dinheiro,Entretenimento,-24,BRL,-24,BRL,Cerveja
01/06/2019,Dinheiro,Entretenimento,-50,BRL,-50,BRL,Jardinagem
01/06/2019,Dinheiro,Entretenimento,-40.01,BRL,-40.01,BRL,Mairiporã
01/06/2019,Dinheiro,Transporte,-100,BRL,-100,BRL,Recarga Bilhete Único
01/06/2019,Dinheiro,Casa,-28.7,BRL,-28.7,BRL,Grampeador
04/06/2019,Dinheiro,Comida,-7.53,BRL,-7.53,BRL,Banana
05/06/2019,Dinheiro,Poupança,900,BRL,900,BRL,Easynvest
05/06/2019,Dinheiro,Contas,-420.92,BRL,-420.92,BRL,Condomínio
05/06/2019,Dinheiro,Comida,-7.99,BRL,-7.99,BRL,Chocolate
07/06/2019,Dinheiro,Entretenimento,-40,BRL,-40,BRL,Carvão
08/06/2019,Dinheiro,Transporte,-40,BRL,-40,BRL,Carona
09/06/2019,Dinheiro,Depósitos,50,BRL,50,BRL,Dinheiro mãe
09/06/2019,Dinheiro,Transporte,-40,BRL,-40,BRL,Carona
09/06/2019,Dinheiro,Roupas,-25,BRL,-25,BRL,Touca
13/06/2019,Dinheiro,Comida,-32,BRL,-32,BRL,Almoço
14/06/2019,Dinheiro,Depósitos,58.8,BRL,58.8,BRL,Dinheiro Correios
14/06/2019,Dinheiro,Salário,1.489.36,BRL,1.489.36,BRL,Adiantamento
14/06/2019,Dinheiro,Entretenimento,-94,BRL,-94,BRL,Acendedor
14/06/2019,Dinheiro,Presentes,-58.8,BRL,-58.8,BRL,Correios
15/06/2019,Dinheiro,Comida,-92.85,BRL,-92.85,BRL,Extra
15/06/2019,Dinheiro,Comida,-17,BRL,-17,BRL,Bolos
15/06/2019,Dinheiro,Comida,-39,BRL,-39,BRL,Almoço
15/06/2019,Dinheiro,Transporte,-50,BRL,-50,BRL,Recarga Bilhete Único
16/06/2019,Dinheiro,Comida,-10.72,BRL,-10.72,BRL,Mercadinho
16/06/2019,Dinheiro,Comida,-13.05,BRL,-13.05,BRL,Extra
16/06/2019,Dinheiro,Casa,-60,BRL,-60,BRL,Cabos
16/06/2019,Dinheiro,Casa,-15,BRL,-15,BRL,Benjamins
17/06/2019,Dinheiro,Comida,-2.06,BRL,-2.06,BRL,Café da manhã
18/06/2019,Dinheiro,Contas,-29.52,BRL,-29.52,BRL,Enel
18/06/2019,Dinheiro,Comida,-26.37,BRL,-26.37,BRL,Mercadinho
19/06/2019,Dinheiro,Poupança,607.12,BRL,607.12,BRL,Easynvest
19/06/2019,Dinheiro,Contas,-1.787.23,BRL,-1.787.23,BRL,Crédito
20/06/2019,Dinheiro,Comida,-16.17,BRL,-16.17,BRL,Mercadinho
20/06/2019,Dinheiro,Comida,-2.44,BRL,-2.44,BRL,Pães
21/06/2019,Dinheiro,Entretenimento,-45,BRL,-45,BRL,Festa junina
22/06/2019,Dinheiro,Comida,-12.98,BRL,-12.98,BRL,Mercadinho
23/06/2019,Dinheiro,Comida,-7.66,BRL,-7.66,BRL,Mercadinho
23/06/2019,Dinheiro,Comida,-2.77,BRL,-2.77,BRL,Mercadinho
23/06/2019,Dinheiro,Entretenimento,-5,BRL,-5,BRL,Carnaval
24/06/2019,Dinheiro,Comida,-6.49,BRL,-6.49,BRL,Café
24/06/2019,Dinheiro,Presentes,-20,BRL,-20,BRL,Dinheiro Myrella
24/06/2019,Dinheiro,Presentes,-70,BRL,-70,BRL,Dinheiro Myrella
26/06/2019,Dinheiro,Comunicação,-46.99,BRL,-46.99,BRL,Conta Vivo
28/06/2019,Dinheiro,Casa,-6.9,BRL,-6.9,BRL,Ralador
28/06/2019,Dinheiro,Animais,-9.98,BRL,-9.98,BRL,Areia
01/07/2019,Dinheiro,Salário,1.682.8,BRL,1.682.8,BRL,Salário
01/07/2019,Dinheiro,Contas,-1.291.8,BRL,-1.291.8,BRL,Aluguel
01/07/2019,Dinheiro,Contas,-32.56,BRL,-32.56,BRL,Gás
01/07/2019,Dinheiro,Contas,-83.33,BRL,-83.33,BRL,Pintura apto
01/07/2019,Dinheiro,Transporte,-34,BRL,-34,BRL,Carona
01/07/2019,Dinheiro,Transporte,-40,BRL,-40,BRL,Carona
01/07/2019,Dinheiro,Saúde,-53.07,BRL,-53.07,BRL,Antibiótico
01/07/2019,Dinheiro,Saúde,-13.81,BRL,-13.81,BRL,Anti inflamatório
03/07/2019,Dinheiro,Presentes,-4,BRL,-4,BRL,Myrella
06/07/2019,Dinheiro,Comunicação,-40,BRL,-40,BRL,Capinha e película
07/07/2019,Dinheiro,Comida,-47,BRL,-47,BRL,Ifood
07/07/2019,Dinheiro,Entretenimento,-50,BRL,-50,BRL,Bolo
10/07/2019,Dinheiro,Depósitos,26.9,BRL,26.9,BRL,Spotify Cássio
14/07/2019,Dinheiro,Depósitos,200,BRL,200,BRL,Presente Bá
15/07/2019,Dinheiro,Salário,1.489.36,BRL,1.489.36,BRL,Adiantamento
15/07/2019,Dinheiro,Depósitos,1.580.87,BRL,1.580.87,BRL,Restituição
15/07/2019,Dinheiro,Contas,-1.559.78,BRL,-1.559.78,BRL,Crédito
15/07/2019,Dinheiro,Contas,-429.33,BRL,-429.33,BRL,Aluguel
15/07/2019,Dinheiro,Contas,-5.16,BRL,-5.16,BRL,
15/07/2019,Dinheiro,Contas,-650,BRL,-650,BRL,Poupança
16/07/2019,Dinheiro,Casa,-250,BRL,-250,BRL,Monitor
16/07/2019,Dinheiro,Entretenimento,-29.9,BRL,-29.9,BRL,Narguile
16/07/2019,Dinheiro,Casa,-6.5,BRL,-6.5,BRL,Plantas
16/07/2019,Dinheiro,Entretenimento,-70.65,BRL,-70.65,BRL,Rodízio
16/07/2019,Dinheiro,Comida,-15.45,BRL,-15.45,BRL,Missô
16/07/2019,Dinheiro,Depósitos,26.9,BRL,26.9,BRL,Spotify Camila
19/07/2019,Dinheiro,Presentes,-60,BRL,-60,BRL,Myrella
23/07/2019,Dinheiro,Casa,-37.7,BRL,-37.7,BRL,Resistência
24/07/2019,Dinheiro,Presentes,-10,BRL,-10,BRL,Myrella
24/07/2019,Dinheiro,Comida,-24.71,BRL,-24.71,BRL,Mercadinho
25/07/2019,Dinheiro,Higiene pessoal,-25,BRL,-25,BRL,Corte de cabelo
26/07/2019,Dinheiro,Comida,-13,BRL,-13,BRL,Refrigerante
26/07/2019,Dinheiro,Comunicação,-46.99,BRL,-46.99,BRL,Conta Vivo
27/07/2019,Dinheiro,Entretenimento,-28.36,BRL,-28.36,BRL,Coffee Corner
27/07/2019,Dinheiro,Entretenimento,-5,BRL,-5,BRL,Coffee Corner
29/07/2019,Dinheiro,Comida,-8,BRL,-8,BRL,Shimeji
31/07/2019,Dinheiro,Depósitos,26.9,BRL,26.9,BRL,Spotify Paula
01/08/2019,Dinheiro,Salário,1.682.2,BRL,1.682.2,BRL,Salário
01/08/2019,Dinheiro,Poupança,400,BRL,400,BRL,Poupança
01/08/2019,Dinheiro,Contas,-1.291.8,BRL,-1.291.8,BRL,Aluguel
01/08/2019,Dinheiro,Contas,-19.95,BRL,-19.95,BRL,Comgás
01/08/2019,Dinheiro,Entretenimento,-250,BRL,-250,BRL,Narguile
03/08/2019,Dinheiro,Entretenimento,-52.64,BRL,-52.64,BRL,Bolo
04/08/2019,Dinheiro,Transporte,-50,BRL,-50,BRL,Recarga Bilhete Único
04/08/2019,Dinheiro,Transporte,-11.05,BRL,-11.05,BRL,Ônibus Mairiporã
04/08/2019,Dinheiro,Entretenimento,-58,BRL,-58,BRL,Narguile
05/08/2019,Dinheiro,Poupança,250,BRL,250,BRL,Poupança
05/08/2019,Dinheiro,Presentes,-67,BRL,-67,BRL,Presente Pai
05/08/2019,Dinheiro,Contas,-420.92,BRL,-420.92,BRL,Condomínio
05/08/2019,Dinheiro,Poupança,0.1,BRL,0.1,BRL,
06/08/2019,Dinheiro,Presentes,-16,BRL,-16,BRL,Porta retratos
07/08/2019,Dinheiro,Comida,-2.48,BRL,-2.48,BRL,Mercadinho
08/08/2019,Dinheiro,Contas,-74.24,BRL,-74.24,BRL,Enel (atrasada)
10/08/2019,Dinheiro,Transporte,-20,BRL,-20,BRL,Carona
12/08/2019,Dinheiro,Saúde,-20.68,BRL,-20.68,BRL,Remédio
13/08/2019,Dinheiro,Saúde,-3.9,BRL,-3.9,BRL,Pinça
14/08/2019,Dinheiro,Comida,-8,BRL,-8,BRL,Pastel
15/08/2019,Dinheiro,Salário,1.489.36,BRL,1.489.36,BRL,Adiantamento
15/08/2019,Dinheiro,Contas,-1.142.48,BRL,-1.142.48,BRL,Conta crédito
15/08/2019,Dinheiro,Contas,-77.39,BRL,-77.39,BRL,Enel
15/08/2019,Dinheiro,Contas,-87.89,BRL,-87.89,BRL,Vivo Fixo
15/08/2019,Dinheiro,Entretenimento,-30,BRL,-30,BRL,Denoite
16/08/2019,Dinheiro,Higiene pessoal,-26,BRL,-26,BRL,Sabonete líquido
20/08/2019,Dinheiro,Presentes,-50,BRL,-50,BRL,Carona Myrella
21/08/2019,Dinheiro,Comida,-3.99,BRL,-3.99,BRL,Chocolate
21/08/2019,Dinheiro,Comida,-6.68,BRL,-6.68,BRL,Mercadinho
23/08/2019,Dinheiro,Entretenimento,-20,BRL,-20,BRL,Carvão
26/08/2019,Dinheiro,Comida,-2.5,BRL,-2.5,BRL,Pães
26/08/2019,Dinheiro,Comunicação,-46.99,BRL,-46.99,BRL,Conta Vivo
28/08/2019,Dinheiro,Comida,-2.5,BRL,-2.5,BRL,Água
29/08/2019,Dinheiro,Transporte,-20,BRL,-20,BRL,Recarga Bilhete Único
01/09/2019,Dinheiro,Salário,1.682.8,BRL,1.682.8,BRL,Salário
01/09/2019,Dinheiro,Contas,-1.291.8,BRL,-1.291.8,BRL,Aluguel
01/09/2019,Dinheiro,Contas,-20,BRL,-20,BRL,Gás
01/09/2019,Dinheiro,Transporte,-100,BRL,-100,BRL,Recarga Bilhete Único
01/09/2019,Dinheiro,Transporte,-20,BRL,-20,BRL,Carona
01/09/2019,Dinheiro,Transporte,-20,BRL,-20,BRL,Carona
01/09/2019,Dinheiro,Depósitos,40,BRL,40,BRL,Dinheiro mãe
04/09/2019,Dinheiro,Presentes,-50,BRL,-50,BRL,Dinheiro Myrella
06/09/2019,Dinheiro,Entretenimento,-32,BRL,-32,BRL,Cerveja
07/09/2019,Dinheiro,Comida,-31.1,BRL,-31.1,BRL,Mercado
07/09/2019,Dinheiro,Entretenimento,-39.5,BRL,-39.5,BRL,Jardinagem
08/09/2019,Dinheiro,Presentes,-1,BRL,-1,BRL,
10/09/2019,Dinheiro,Entretenimento,-2.5,BRL,-2.5,BRL,Chocolate
12/09/2019,Dinheiro,Transporte,-100,BRL,-100,BRL,Recarga Bilhete Único
13/09/2019,Dinheiro,Salário,1.489.36,BRL,1.489.36,BRL,Adiantamento
13/09/2019,Dinheiro,Contas,-93.36,BRL,-93.36,BRL,Internet
13/09/2019,Dinheiro,Contas,-1.136.54,BRL,-1.136.54,BRL,Conta crédito
13/09/2019,Dinheiro,Contas,-74.98,BRL,-74.98,BRL,Enel
13/09/2019,Dinheiro,Entretenimento,-40,BRL,-40,BRL,Jardinagem
14/09/2019,Dinheiro,Comida,-16.97,BRL,-16.97,BRL,Besteiras
16/09/2019,Dinheiro,Depósitos,20,BRL,20,BRL,Dinheiro Denoite
20/09/2019,Dinheiro,Entretenimento,-24,BRL,-24,BRL,Cerveja
21/09/2019,Dinheiro,Comida,-4,BRL,-4,BRL,Salgado
21/09/2019,Dinheiro,Transporte,-15,BRL,-15,BRL,Carona
22/09/2019,Dinheiro,Transporte,-21,BRL,-21,BRL,Carona
22/09/2019,Dinheiro,Depósitos,50,BRL,50,BRL,Dinheiro mãe
25/09/2019,Dinheiro,Presentes,-30,BRL,-30,BRL,Dinheiro Myrella
26/09/2019,Dinheiro,Comunicação,-46.99,BRL,-46.99,BRL,Conta Vivo
01/10/2019,Dinheiro,Salário,1.682.2,BRL,1.682.2,BRL,Salário
01/10/2019,Dinheiro,Contas,-1.291.8,BRL,-1.291.8,BRL,Aluguel
01/10/2019,Dinheiro,Contas,-19.98,BRL,-19.98,BRL,Comgás
01/10/2019,Dinheiro,Transporte,-100,BRL,-100,BRL,Recarga Bilhete Único
02/10/2019,Dinheiro,Depósitos,60,BRL,60,BRL,Dinheiro Denoite
02/10/2019,Dinheiro,Comida,-10,BRL,-10,BRL,Tofu
03/10/2019,Dinheiro,Animais,-13,BRL,-13,BRL,Sacos plásticos
03/10/2019,Dinheiro,Presentes,-40,BRL,-40,BRL,Dinheiro Myrella
04/10/2019,Dinheiro,Entretenimento,-90,BRL,-90,BRL,Jardinagem
05/10/2019,Dinheiro,Transporte,-20,BRL,-20,BRL,Carona
05/10/2019,Dinheiro,Higiene pessoal,-30,BRL,-30,BRL,Corte de cabelo
06/10/2019,Dinheiro,Transporte,-18,BRL,-18,BRL,Carona
06/10/2019,Dinheiro,Depósitos,50,BRL,50,BRL,Dinheiro mãe
07/10/2019,Dinheiro,Comida,-40,BRL,-40,BRL,Pasta de amendoim
10/10/2019,Dinheiro,Esportes,-75,BRL,-75,BRL,Whey
11/10/2019,Dinheiro,Entretenimento,-9,BRL,-9,BRL,Cerveja
13/10/2019,Dinheiro,Entretenimento,-22,BRL,-22,BRL,Mairiporã
13/10/2019,Dinheiro,Contas,-1,BRL,-1,BRL,
15/10/2019,Dinheiro,Salário,1.489.36,BRL,1.489.36,BRL,Adiantamento
15/10/2019,Dinheiro,Contas,-1.153,BRL,-1.153,BRL,Crédito
15/10/2019,Dinheiro,Transporte,-100,BRL,-100,BRL,Recarga Bilhete Único
18/10/2019,Dinheiro,Contas,-87.32,BRL,-87.32,BRL,Vivo Fixo
18/10/2019,Dinheiro,Contas,-56.63,BRL,-56.63,BRL,Enel
18/10/2019,Dinheiro,Casa,-25,BRL,-25,BRL,Cabo panela
18/10/2019,Dinheiro,Saúde,-20.97,BRL,-20.97,BRL,Farmácia
19/10/2019,Dinheiro,Presentes,-1,BRL,-1,BRL,Metrô
19/10/2019,Dinheiro,Comida,-20,BRL,-20,BRL,Salmão
20/10/2019,Dinheiro,Presentes,-70,BRL,-70,BRL,Carona Myrella
20/10/2019,Dinheiro,Depósitos,30,BRL,30,BRL,Dinheiro Myrella
22/10/2019,Dinheiro,Comida,-7,BRL,-7,BRL,Pastel
28/10/2019,Dinheiro,Entretenimento,-5,BRL,-5,BRL,Sp na Rua
28/10/2019,Dinheiro,Contas,-49.9,BRL,-49.9,BRL,Conta Vivo
01/11/2019,Dinheiro,Salário,1.774.59,BRL,1.774.59,BRL,Salário
01/11/2019,Dinheiro,Contas,-1.291.8,BRL,-1.291.8,BRL,Aluguel
01/11/2019,Dinheiro,Contas,-20.01,BRL,-20.01,BRL,Comgás
01/11/2019,Dinheiro,Transporte,-100,BRL,-100,BRL,Recarga Bilhete Único
01/11/2019,Dinheiro,Presentes,-30,BRL,-30,BRL,Dinheiro Myrella
01/11/2019,Dinheiro,Entretenimento,-17.33,BRL,-17.33,BRL,Bar
02/11/2019,Dinheiro,Entretenimento,-23.92,BRL,-23.92,BRL,Açaí
02/11/2019,Dinheiro,Higiene pessoal,-30,BRL,-30,BRL,Corte de cabelo
02/11/2019,Dinheiro,Transporte,-20,BRL,-20,BRL,Carona
03/11/2019,Dinheiro,Depósitos,50,BRL,50,BRL,Dinheiro mãe
03/11/2019,Dinheiro,Transporte,-22,BRL,-22,BRL,Carona
04/11/2019,Dinheiro,Casa,-8.5,BRL,-8.5,BRL,Post it
08/11/2019,Dinheiro,Presentes,-17.5,BRL,-17.5,BRL,Presente Gi
09/11/2019,Dinheiro,Comida,-21,BRL,-21,BRL,Pizza
09/11/2019,Dinheiro,Entretenimento,-24.57,BRL,-24.57,BRL,Açaí
11/11/2019,Dinheiro,Entretenimento,-59.14,BRL,-59.14,BRL,Limeira
13/11/2019,Dinheiro,Entretenimento,-10,BRL,-10,BRL,Brigadeiro
14/11/2019,Dinheiro,Salário,1.538.21,BRL,1.538.21,BRL,Adiantamento
14/11/2019,Dinheiro,Contas,-1.118.97,BRL,-1.118.97,BRL,Crédito
14/11/2019,Dinheiro,Transporte,-100,BRL,-100,BRL,Recarga Bilhete Único
14/11/2019,Dinheiro,Animais,-113,BRL,-113,BRL,Ração
14/11/2019,Dinheiro,Salário,108.7,BRL,108.7,BRL,Reajuste
14/11/2019,Dinheiro,Entretenimento,-60,BRL,-60,BRL,Jardinagem
15/11/2019,Dinheiro,Transporte,-11.3,BRL,-11.3,BRL,Mairiporã
16/11/2019,Dinheiro,Entretenimento,-33.41,BRL,-33.41,BRL,Vinho
18/11/2019,Dinheiro,Depósitos,5,BRL,5,BRL,Myrella
18/11/2019,Dinheiro,Depósitos,10,BRL,10,BRL,Denoite
18/11/2019,Dinheiro,Contas,-83.34,BRL,-83.34,BRL,Vivo Fixo
19/11/2019,Dinheiro,Contas,-59.39,BRL,-59.39,BRL,Enel
19/11/2019,Dinheiro,Entretenimento,-35,BRL,-35,BRL,Mouse
20/11/2019,Dinheiro,Comida,-11.8,BRL,-11.8,BRL,Tofu e shimeji
20/11/2019,Dinheiro,Comida,-16.07,BRL,-16.07,BRL,Mercadinho
23/11/2019,Dinheiro,Comida,-43.2,BRL,-43.2,BRL,Extra
25/11/2019,Dinheiro,Contas,-10.89,BRL,-10.89,BRL,Comgás
26/11/2019,Dinheiro,Contas,-49.99,BRL,-49.99,BRL,Conta Vivo
26/11/2019,Dinheiro,Comida,-6,BRL,-6,BRL,Coca Cola
28/11/2019,Dinheiro,Comida,-24.65,BRL,-24.65,BRL,Extra
29/11/2019,Dinheiro,Comida,-20,BRL,-20,BRL,Pasta de amendoim
01/12/2019,Dinheiro,Salário,1.709.44,BRL,1.709.44,BRL,Salário
01/12/2019,Dinheiro,Depósitos,3.722.47,BRL,3.722.47,BRL,PPR
01/12/2019,Dinheiro,Contas,-1.291.8,BRL,-1.291.8,BRL,
01/12/2019,Dinheiro,Contas,-420.92,BRL,-420.92,BRL,Condomínio
01/12/2019,Dinheiro,Esportes,-224.91,BRL,-224.91,BRL,Whey
01/12/2019,Dinheiro,Contas,-1.200,BRL,-1.200,BRL,Poupança
01/12/2019,Dinheiro,Contas,-1.800,BRL,-1.800,BRL,Essynvest
01/12/2019,Dinheiro,Presentes,-40,BRL,-40,BRL,Myrella
01/12/2019,Dinheiro,Entretenimento,-18,BRL,-18,BRL,Cerveja
01/12/2019,Dinheiro,Comida,-4,BRL,-4,BRL,Salgado
01/12/2019,Dinheiro,Transporte,-20,BRL,-20,BRL,Carona
01/12/2019,Dinheiro,Transporte,-20,BRL,-20,BRL,Carona
05/12/2019,Dinheiro,Entretenimento,-100,BRL,-100,BRL,Jardinagem
06/12/2019,Dinheiro,Comida,-12.98,BRL,-12.98,BRL,Ketchup
09/12/2019,Dinheiro,Comida,-21.5,BRL,-21.5,BRL,Tofu e furikake
11/12/2019,Dinheiro,Comida,-55,BRL,-55,BRL,Pão de queijo
11/12/2019,Dinheiro,Comida,-21,BRL,-21,BRL,Chocolate
11/12/2019,Dinheiro,Comida,-6,BRL,-6,BRL,Banana
11/12/2019,Dinheiro,Presentes,-21.35,BRL,-21.35,BRL,Dinheiro Myrella
13/12/2019,Dinheiro,Salário,1.538.28,BRL,1.538.28,BRL,Adiantamento
13/12/2019,Dinheiro,Contas,-1.342.28,BRL,-1.342.28,BRL,Conta crédito
13/12/2019,Dinheiro,Contas,-87.89,BRL,-87.89,BRL,Vivo Fixo
13/12/2019,Dinheiro,Transporte,-50,BRL,-50,BRL,Recarga Bilhete Único
15/12/2019,Dinheiro,Saúde,-17.19,BRL,-17.19,BRL,Remédio
16/12/2019,Dinheiro,Entretenimento,-50.16,BRL,-50.16,BRL,SJC
20/12/2019,Dinheiro,Salário,1.402.24,BRL,1.402.24,BRL,Segunda parcela do 13
20/12/2019,Dinheiro,Contas,-600,BRL,-600,BRL,Poupança
20/12/2019,Dinheiro,Contas,-600,BRL,-600,BRL,Easynvest
20/12/2019,Dinheiro,Contas,-55.66,BRL,-55.66,BRL,Enel
20/12/2019,Dinheiro,Casa,-23.75,BRL,-23.75,BRL,Chaves de fenda/Philips
21/12/2019,Dinheiro,Animais,-55,BRL,-55,BRL,Areia e bacia
22/12/2019,Dinheiro,Entretenimento,-28.68,BRL,-28.68,BRL,Cerveja
23/12/2019,Dinheiro,Comida,-2.99,BRL,-2.99,BRL,Leite de amêndoa
24/12/2019,Dinheiro,Depósitos,300,BRL,300,BRL,Presente Bá
25/12/2019,Dinheiro,Depósitos,40,BRL,40,BRL,Dinheiro Paula
26/12/2019,Dinheiro,Contas,-49.99,BRL,-49.99,BRL,Conta Vivo
26/12/2019,Dinheiro,Contas,-110,BRL,-110,BRL,Easynvest
26/12/2019,Dinheiro,Higiene pessoal,-126.5,BRL,-126.5,BRL,Produtos pele
28/12/2019,Dinheiro,Casa,-11,BRL,-11,BRL,Isqueiro
28/12/2019,Dinheiro,Higiene pessoal,-35,BRL,-35,BRL,Corte de cabelo
28/12/2019,Dinheiro,Comida,-3.5,BRL,-3.5,BRL,Água
29/12/2019,Dinheiro,Transporte,-100,BRL,-100,BRL,Recarga Bilhete Único
31/12/2019,Dinheiro,Comida,-14,BRL,-14,BRL,Pastel
31/12/2019,Dinheiro,Comida,-13,BRL,-13,BRL,Feira
31/12/2019,Dinheiro,Comida,-10.4,BRL,-10.4,BRL,Shoyu
31/12/2019,Dinheiro,Presentes,-0.5,BRL,-0.5,BRL,Metrô
01/01/2020,Dinheiro,Salário,1.725.74,BRL,1.725.74,BRL,Salário
01/01/2020,Dinheiro,Contas,-1.291.8,BRL,-1.291.8,BRL,Aluguel
01/01/2020,Dinheiro,Contas,-420.92,BRL,-420.92,BRL,Condomínio
01/01/2020,Dinheiro,Contas,-20,BRL,-20,BRL,Comgás
03/01/2020,Dinheiro,Depósitos,30,BRL,30,BRL,Dinheiro Denoite
05/01/2020,Dinheiro,Transporte,-38,BRL,-38,BRL,Carona
05/01/2020,Dinheiro,Transporte,-20,BRL,-20,BRL,Carona
05/01/2020,Dinheiro,Depósitos,20,BRL,20,BRL,Myrella
06/01/2020,Dinheiro,Presentes,-2,BRL,-2,BRL,Gorjeta
07/01/2020,Dinheiro,Comida,-12.8,BRL,-12.8,BRL,Frutas
10/01/2020,Dinheiro,Poupança,671.25,BRL,671.25,BRL,Poupança
10/01/2020,Dinheiro,Contas,-671.25,BRL,-671.25,BRL,Conta crédito
11/01/2020,Dinheiro,Comida,-2,BRL,-2,BRL,Pão
14/01/2020,Dinheiro,Comida,-16,BRL,-16,BRL,Frutas
14/01/2020,Dinheiro,Comida,-12.5,BRL,-12.5,BRL,Ovos
15/01/2020,Dinheiro,Salário,1.538.21,BRL,1.538.21,BRL,Adiantamento
15/01/2020,Dinheiro,Contas,-341.25,BRL,-341.25,BRL,Poupança
15/01/2020,Dinheiro,Transporte,-100,BRL,-100,BRL,Recarga Bilhete Único
15/01/2020,Dinheiro,Contas,-310,BRL,-310,BRL,Easynvest
15/01/2020,Dinheiro,Contas,-87.89,BRL,-87.89,BRL,Vivo Fixo
17/01/2020,Dinheiro,Casa,-39.99,BRL,-39.99,BRL,Garrafa d'água
18/01/2020,Dinheiro,Entretenimento,-11.05,BRL,-11.05,BRL,Mairiporã
20/01/2020,Dinheiro,Casa,-29.99,BRL,-29.99,BRL,Luva forno
20/01/2020,Dinheiro,Contas,-68.78,BRL,-68.78,BRL,Enel
20/01/2020,Dinheiro,Poupança,1.279,BRL,1.279,BRL,FGTS
20/01/2020,Dinheiro,Entretenimento,-60,BRL,-60,BRL,Jardinagem
21/01/2020,Dinheiro,Contas,-1.000,BRL,-1.000,BRL,Poupança
21/01/2020,Dinheiro,Comida,-38,BRL,-38,BRL,Frutas
22/01/2020,Dinheiro,Comida,-23.88,BRL,-23.88,BRL,Extra
23/01/2020,Dinheiro,Comida,-28.88,BRL,-28.88,BRL,Extra
24/01/2020,Dinheiro,Entretenimento,-86.68,BRL,-86.68,BRL,Rodízio
24/01/2020,Dinheiro,Contas,-27.28,BRL,-27.28,BRL,Comgas
25/01/2020,Dinheiro,Comida,-41.8,BRL,-41.8,BRL,BK
25/01/2020,Dinheiro,Esportes,-89.98,BRL,-89.98,BRL,Luvas e pomada
25/01/2020,Dinheiro,Comida,-20.43,BRL,-20.43,BRL,Extra
25/01/2020,Dinheiro,Presentes,-10,BRL,-10,BRL,Myrella
26/01/2020,Dinheiro,Comida,-52.28,BRL,-52.28,BRL,Extra
26/01/2020,Dinheiro,Esportes,-20,BRL,-20,BRL,Pasta de amendoim
27/01/2020,Dinheiro,Contas,-49.99,BRL,-49.99,BRL,Conta Vivo
29/01/2020,Dinheiro,Comida,-9,BRL,-9,BRL,Frutas
30/01/2020,Dinheiro,Casa,-11.25,BRL,-11.25,BRL,Martelo
01/02/2020,Dinheiro,Salário,1.866.76,BRL,1.866.76,BRL,Salário
01/02/2020,Dinheiro,Contas,-1.291.8,BRL,-1.291.8,BRL,Aluguel
01/02/2020,Dinheiro,Contas,-420.92,BRL,-420.92,BRL,Condomínio
01/02/2020,Dinheiro,Transporte,-23,BRL,-23,BRL,Carona
01/02/2020,Dinheiro,Poupança,0.16,BRL,0.16,BRL,
02/02/2020,Dinheiro,Transporte,-20,BRL,-20,BRL,Carona
02/02/2020,Dinheiro,Presentes,-2,BRL,-2,BRL,Metrô
03/02/2020,Dinheiro,Transporte,-100,BRL,-100,BRL,Recarga Bilhete Único
04/02/2020,Dinheiro,Comida,-23,BRL,-23,BRL,Frutas
07/02/2020,Dinheiro,Entretenimento,-50,BRL,-50,BRL,Jardina
07/02/2020,Dinheiro,Entretenimento,-14.97,BRL,-14.97,BRL,Cerveja
09/02/2020,Dinheiro,Entretenimento,-20.29,BRL,-20.29,BRL,Chocolate
10/02/2020,Dinheiro,Depósitos,26.9,BRL,26.9,BRL,Spotify Paula
10/02/2020,Dinheiro,Depósitos,26.9,BRL,26.9,BRL,Spotify Cássio
10/02/2020,Dinheiro,Depósitos,26.9,BRL,26.9,BRL,Spotify Flink
11/02/2020,Dinheiro,Comida,-21,BRL,-21,BRL,Frutas
12/02/2020,Dinheiro,Presentes,-10,BRL,-10,BRL,Myrella
13/02/2020,Dinheiro,Comida,-19.98,BRL,-19.98,BRL,
14/02/2020,Dinheiro,Salário,1.538.21,BRL,1.538.21,BRL,Adiantamento
14/02/2020,Dinheiro,Poupança,606.89,BRL,606.89,BRL,Poupança
14/02/2020,Dinheiro,Contas,-1.497.93,BRL,-1.497.93,BRL,Conta crédito
14/02/2020,Dinheiro,Casa,-4.5,BRL,-4.5,BRL,Cola de madeira
14/02/2020,Dinheiro,Entretenimento,-4,BRL,-4,BRL,Seda
15/02/2020,Dinheiro,Animais,-32,BRL,-32,BRL,Areia
16/02/2020,Dinheiro,Entretenimento,-18.75,BRL,-18.75,BRL,Carnaval
17/02/2020,Dinheiro,Presentes,-50,BRL,-50,BRL,Myrella
17/02/2020,Dinheiro,Contas,-58.2,BRL,-58.2,BRL,Enel
19/02/2020,Dinheiro,Entretenimento,-50,BRL,-50,BRL,Wanderlei
19/02/2020,Dinheiro,Depósitos,26.9,BRL,26.9,BRL,Spotify Camila
20/02/2020,Dinheiro,Entretenimento,-3.99,BRL,-3.99,BRL,Chocolate
22/02/2020,Dinheiro,Entretenimento,-31,BRL,-31,BRL,Carnaval
23/02/2020,Dinheiro,Comida,-12.2,BRL,-12.2,BRL,Mercadinho
23/02/2020,Dinheiro,Comida,-20.83,BRL,-20.83,BRL,Extra
23/02/2020,Dinheiro,Comida,-16.6,BRL,-16.6,BRL,Tofu e shimeji
24/02/2020,Dinheiro,Entretenimento,-12,BRL,-12,BRL,Carnaval
26/02/2020,Dinheiro,Animais,-122,BRL,-122,BRL,Remédio anti pulga
26/02/2020,Dinheiro,Contas,-49.99,BRL,-49.99,BRL,Conta Vivo
27/02/2020,Dinheiro,Entretenimento,-50,BRL,-50,BRL,Caixa
27/02/2020,Dinheiro,Entretenimento,-45,BRL,-45,BRL,Festa
28/02/2020,Dinheiro,Depósitos,4,BRL,4,BRL,Batatas
28/02/2020,Dinheiro,Depósitos,30,BRL,30,BRL,Ingresso festa
01/03/2020,Dinheiro,Presentes,-53,BRL,-53,BRL,Cerveja Acasalar
01/03/2020,Dinheiro,Entretenimento,-20,BRL,-20,BRL,Acasalar
01/03/2020,Dinheiro,Presentes,-50,BRL,-50,BRL,Presentes
01/03/2020,Dinheiro,Salário,1.725.74,BRL,1.725.74,BRL,Salário
01/03/2020,Dinheiro,Entretenimento,-60,BRL,-60,BRL,Jardinagem
02/03/2020,Dinheiro,Entretenimento,-1.95,BRL,-1.95,BRL,Lavras
02/03/2020,Dinheiro,Contas,-1.291.8,BRL,-1.291.8,BRL,Aluguel
02/03/2020,Dinheiro,Contas,-31.19,BRL,-31.19,BRL,Comgas
02/03/2020,Dinheiro,Depósitos,29,BRL,29,BRL,Ingresso festa
02/03/2020,Dinheiro,Contas,-88.52,BRL,-88.52,BRL,Vivo Fixo
02/03/2020,Dinheiro,Poupança,300,BRL,300,BRL,Poupança
02/03/2020,Dinheiro,Contas,-420.92,BRL,-420.92,BRL,Condomínio
03/03/2020,Dinheiro,Comida,-20,BRL,-20,BRL,Frutas
05/03/2020,Dinheiro,Transporte,-70,BRL,-70,BRL,Recarga Bilhete Único
05/03/2020,Dinheiro,Contas,-150,BRL,-150,BRL,Declaração IR
06/03/2020,Dinheiro,Comida,-6,BRL,-6,BRL,Banana
07/03/2020,Dinheiro,Transporte,-20,BRL,-20,BRL,Carona
07/03/2020,Dinheiro,Higiene pessoal,-30,BRL,-30,BRL,Corte de cabelo
08/03/2020,Dinheiro,Transporte,-20,BRL,-20,BRL,Carona
13/03/2020,Dinheiro,Salário,1.538.21,BRL,1.538.21,BRL,Adiantamento
13/03/2020,Dinheiro,Contas,-889.17,BRL,-889.17,BRL,Conta crédito
13/03/2020,Dinheiro,Entretenimento,-100,BRL,-100,BRL,Corre
17/03/2020,Dinheiro,Contas,-97.89,BRL,-97.89,BRL,Vivo Fixo
18/03/2020,Dinheiro,Contas,-51.61,BRL,-51.61,BRL,ENEL
19/03/2020,Dinheiro,Presentes,-30,BRL,-30,BRL,Myrella
22/03/2020,Dinheiro,Comida,-90,BRL,-90,BRL,Mercado
24/03/2020,Dinheiro,Comida,-23,BRL,-23,BRL,Padaria
24/03/2020,Dinheiro,Entretenimento,-100,BRL,-100,BRL,Corre
24/03/2020,Dinheiro,Depósitos,32,BRL,32,BRL,Dinheiro Enguia
25/03/2020,Dinheiro,Contas,-19.86,BRL,-19.86,BRL,Comgas
26/03/2020,Dinheiro,Contas,-49.99,BRL,-49.99,BRL,Conta Vivo
28/03/2020,Dinheiro,Entretenimento,-7,BRL,-7,BRL,Tabaco
31/03/2020,Dinheiro,Animais,-37,BRL,-37,BRL,Areia
01/04/2020,Dinheiro,Salário,4.232.02,BRL,4.232.02,BRL,Saldo de férias
01/04/2020,Dinheiro,Salário,1.747.59,BRL,1.747.59,BRL,Salário
01/04/2020,Dinheiro,Contas,-1.291.8,BRL,-1.291.8,BRL,Aluguel
01/04/2020,Dinheiro,Contas,-420.92,BRL,-420.92,BRL,Condomínio
01/04/2020,Dinheiro,Contas,-1.770,BRL,-1.770,BRL,Sjc
04/04/2020,Dinheiro,Entretenimento,-10,BRL,-10,BRL,Corre
06/04/2020,Dinheiro,Entretenimento,-50,BRL,-50,BRL,Corre
07/04/2020,Dinheiro,Comida,-38.17,BRL,-38.17,BRL,Mercadinho
07/04/2020,Dinheiro,Comida,-44.95,BRL,-44.95,BRL,Mercadinho
08/04/2020,Dinheiro,Depósitos,44,BRL,44,BRL,Myrella
09/04/2020,Dinheiro,Comida,-31,BRL,-31,BRL,Padaria
11/04/2020,Dinheiro,Comida,-137.81,BRL,-137.81,BRL,Extra
14/04/2020,Dinheiro,Entretenimento,-80,BRL,-80,BRL,Corre
15/04/2020,Dinheiro,Contas,-588.66,BRL,-588.66,BRL,Conta crédito
15/04/2020,Dinheiro,Contas,-99.94,BRL,-99.94,BRL,Vivo Fixo
18/04/2020,Dinheiro,Comida,-83.32,BRL,-83.32,BRL,Extra
20/04/2020,Dinheiro,Depósitos,116.66,BRL,116.66,BRL,Myrella
20/04/2020,Dinheiro,Comida,-48.74,BRL,-48.74,BRL,Mercadinho
20/04/2020,Dinheiro,Depósitos,250,BRL,250,BRL,Dinheiro Cássio
20/04/2020,Dinheiro,Entretenimento,-300,BRL,-300,BRL,Corre
21/04/2020,Dinheiro,Depósitos,100,BRL,100,BRL,Cabeceiras
22/04/2020,Dinheiro,Contas,-55.64,BRL,-55.64,BRL,Enel
22/04/2020,Dinheiro,Depósitos,218,BRL,218,BRL,Dinheiro Johnny
23/04/2020,Dinheiro,Comida,-18.15,BRL,-18.15,BRL,Extra
23/04/2020,Dinheiro,Depósitos,20,BRL,20,BRL,Cabideiro
24/04/2020,Dinheiro,Casa,-260,BRL,-260,BRL,Instalação de redes
24/04/2020,Dinheiro,Casa,-300,BRL,-300,BRL,Pintura (1/2)
25/04/2020,Dinheiro,Contas,-34.24,BRL,-34.24,BRL,Comgas
25/04/2020,Dinheiro,Entretenimento,-8,BRL,-8,BRL,Seda
25/04/2020,Dinheiro,Poupança,384.34,BRL,384.34,BRL,Poupança
25/04/2020,Dinheiro,Comida,-14.87,BRL,-14.87,BRL,Extra
27/04/2020,Dinheiro,Contas,-49.99,BRL,-49.99,BRL,Conta Vivo
27/04/2020,Dinheiro,Depósitos,10,BRL,10,BRL,TikTok
27/04/2020,Dinheiro,Depósitos,300,BRL,300,BRL,Máquina de Lavar
27/04/2020,Dinheiro,Depósitos,100,BRL,100,BRL,Dinheiro Myrella
28/04/2020,Dinheiro,Depósitos,56,BRL,56,BRL,Dinheiro Myrella Ifood
28/04/2020,Dinheiro,Entretenimento,-20,BRL,-20,BRL,Corre
28/04/2020,Dinheiro,Depósitos,300,BRL,300,BRL,Fogão
29/04/2020,Dinheiro,Contas,-1.291.8,BRL,-1.291.8,BRL,Aluguel
29/04/2020,Dinheiro,Depósitos,300,BRL,300,BRL,Geladeira
29/04/2020,Dinheiro,Casa,-4.49,BRL,-4.49,BRL,Fita adesiva
29/04/2020,Dinheiro,Comida,-5,BRL,-5,BRL,Chocolate
30/04/2020,Dinheiro,Casa,-350,BRL,-350,BRL,Pintura (2/2)
30/04/2020,Dinheiro,Casa,-500,BRL,-500,BRL,Mudança
04/05/2020,Dinheiro,Animais,-36.9,BRL,-36.9,BRL,Areia
13/05/2020,Dinheiro,Contas,-91.36,BRL,-91.36,BRL,Vivo Fixo
15/05/2020,Dinheiro,Salário,1.563.01,BRL,1.563.01,BRL,Adiantamento
15/05/2020,Dinheiro,Contas,-996.76,BRL,-996.76,BRL,Conta crédito
15/05/2020,Dinheiro,Depósitos,100,BRL,100,BRL,Dinheiro Myrella
26/05/2020,Dinheiro,Contas,-49.99,BRL,-49.99,BRL,Conta Vivo
26/05/2020,Dinheiro,Contas,-27.51,BRL,-27.51,BRL,Matsumoto
26/05/2020,Dinheiro,Depósitos,202.05,BRL,202.05,BRL,Dinheiro Myrella
01/06/2020,Dinheiro,Salário,1.768.11,BRL,1.768.11,BRL,Salário
01/06/2020,Dinheiro,Contas,-1.380.52,BRL,-1.380.52,BRL,Contas SJC
01/06/2020,Dinheiro,Contas,-600,BRL,-600,BRL,Easynvest
01/06/2020,Dinheiro,Contas,-50,BRL,-50,BRL,Easynvest
02/06/2020,Dinheiro,Presentes,-5.15,BRL,-5.15,BRL,Trocado
08/06/2020,Dinheiro,Depósitos,0.75,BRL,0.75,BRL,Ajuste
10/06/2020,Dinheiro,Contas,-736.57,BRL,-736.57,BRL,Crédito
15/06/2020,Dinheiro,Salário,1.563.01,BRL,1.563.01,BRL,Adiantamento
15/06/2020,Dinheiro,Presentes,-200,BRL,-200,BRL,Dinheiro Myrella
15/06/2020,Dinheiro,Depósitos,2.200,BRL,2.200,BRL,Dinheiro Cássio
15/06/2020,Dinheiro,Contas,-118.35,BRL,-118.35,BRL,EDP
15/06/2020,Dinheiro,Contas,-1.186.69,BRL,-1.186.69,BRL,Condomínio
15/06/2020,Dinheiro,Contas,-1.864.13,BRL,-1.864.13,BRL,Aluguel
15/06/2020,Dinheiro,Contas,-280.58,BRL,-280.58,BRL,Net
15/06/2020,Dinheiro,Contas,-61.21,BRL,-61.21,BRL,Celular mãe
26/06/2020,Dinheiro,Comunicação,-49.99,BRL,-49.99,BRL,Conta Vivo
01/07/2020,Dinheiro,Salário,1.768.11,BRL,1.768.11,BRL,Salário
01/07/2020,Dinheiro,Depósitos,455.2,BRL,455.2,BRL,Restituição
01/07/2020,Dinheiro,Contas,-500,BRL,-500,BRL,Contas SJC
07/07/2020,Dinheiro,Presentes,-50.85,BRL,-50.85,BRL,Correio Myrella
07/07/2020,Dinheiro,Comida,-81.1,BRL,-81.1,BRL,Feira
09/07/2020,Dinheiro,Contas,-613.22,BRL,-613.22,BRL,Crédito
10/07/2020,Dinheiro,Comida,-16.63,BRL,-16.63,BRL,Extra
13/07/2020,Dinheiro,Depósitos,500,BRL,500,BRL,Dinheiro Cássio
15/07/2020,Dinheiro,Salário,1.563.01,BRL,1.563.01,BRL,Adiantamento
15/07/2020,Dinheiro,Contas,-1.186.69,BRL,-1.186.69,BRL,Condomínio
15/07/2020,Dinheiro,Contas,-1.864.13,BRL,-1.864.13,BRL,Aluguel
15/07/2020,Dinheiro,Depósitos,40,BRL,40,BRL,Dinheiro Paula
28/07/2020,Dinheiro,Contas,-49.99,BRL,-49.99,BRL,Conta Vivo
01/08/2020,Dinheiro,Salário,1.768.11,BRL,1.768.11,BRL,Salário
01/08/2020,Dinheiro,Contas,-200,BRL,-200,BRL,Contas SJC
03/08/2020,Dinheiro,Depósitos,26.9,BRL,26.9,BRL,Spotify Paula
04/08/2020,Dinheiro,Depósitos,27,BRL,27,BRL,Spotify Flink
07/08/2020,Dinheiro,Depósitos,26.9,BRL,26.9,BRL,Spotify Camila
08/08/2020,Dinheiro,Comida,-26.4,BRL,-26.4,BRL,Extra
10/08/2020,Dinheiro,Contas,-589.26,BRL,-589.26,BRL,Conta crédito
10/08/2020,Dinheiro,Casa,-212.75,BRL,-212.75,BRL,Piso banheiro
14/08/2020,Dinheiro,Salário,1.563.01,BRL,1.563.01,BRL,Adiantamento
14/08/2020,Dinheiro,Casa,-770,BRL,-770,BRL,Reforma banheiro
14/08/2020,Dinheiro,Contas,-1.186.69,BRL,-1.186.69,BRL,Condomínio
14/08/2020,Dinheiro,Contas,-1.864.13,BRL,-1.864.13,BRL,Aluguel
14/08/2020,Dinheiro,Depósitos,2.100,BRL,2.100,BRL,Dinheiro Cássio
15/08/2020,Dinheiro,Contas,-400,BRL,-400,BRL,Poupança
15/08/2020,Dinheiro,Animais,-36.9,BRL,-36.9,BRL,Areia
17/08/2020,Dinheiro,Saúde,-7.59,BRL,-7.59,BRL,Farmácia
18/08/2020,Dinheiro,Casa,-150,BRL,-150,BRL,Instalação box
24/08/2020,Dinheiro,Saúde,-14.38,BRL,-14.38,BRL,Bandaid
26/08/2020,Dinheiro,Contas,-49.99,BRL,-49.99,BRL,Conta Vivo
01/09/2020,Dinheiro,Salário,1.768.11,BRL,1.768.11,BRL,Salário
01/09/2020,Dinheiro,Contas,-740,BRL,-740,BRL,Easynvest
11/09/2020,Dinheiro,Contas,-592.02,BRL,-592.02,BRL,Conta crédito
11/09/2020,Dinheiro,Esportes,-225.47,BRL,-225.47,BRL,Whey
11/09/2020,Dinheiro,Poupança,400,BRL,400,BRL,Poupança
11/09/2020,Dinheiro,Contas,-320,BRL,-320,BRL,Easynvest
14/09/2020,Dinheiro,Animais,-140,BRL,-140,BRL,Ração areia
15/09/2020,Dinheiro,Salário,1.563.01,BRL,1.563.01,BRL,Adiantamento
15/09/2020,Dinheiro,Casa,-27.48,BRL,-27.48,BRL,Água
15/09/2020,Dinheiro,Depósitos,1.250,BRL,1.250,BRL,Dinheiro Cássio
15/09/2020,Dinheiro,Contas,-1.234.11,BRL,-1.234.11,BRL,Condomínio
15/09/2020,Dinheiro,Contas,-1.297.38,BRL,-1.297.38,BRL,Aluguel
19/09/2020,Dinheiro,Comunicação,-100,BRL,-100,BRL,Conserto celular
20/09/2020,Dinheiro,Comida,-15.54,BRL,-15.54,BRL,Padaria
23/09/2020,Dinheiro,Entretenimento,-5,BRL,-5,BRL,Sudoku
26/09/2020,Dinheiro,Comida,-49.39,BRL,-49.39,BRL,Vita Sol
26/09/2020,Dinheiro,Esportes,-19.9,BRL,-19.9,BRL,Pasta de amendoim
28/09/2020,Dinheiro,Contas,-54.99,BRL,-54.99,BRL,Conta Vivo
01/10/2020,Dinheiro,Salário,1.768.11,BRL,1.768.11,BRL,Salário
01/10/2020,Dinheiro,Contas,-550,BRL,-550,BRL,Easynvest
02/10/2020,Dinheiro,Comida,-292.13,BRL,-292.13,BRL,Açougue
09/10/2020,Dinheiro,Contas,-799.27,BRL,-799.27,BRL,Conta crédito
09/10/2020,Dinheiro,Saúde,-30,BRL,-30,BRL,Exame admissional
10/10/2020,Dinheiro,Entretenimento,-80,BRL,-80,BRL,Corre
10/10/2020,Dinheiro,Entretenimento,-21,BRL,-21,BRL,Acessórios
10/10/2020,Dinheiro,Animais,-55.98,BRL,-55.98,BRL,Brinquedos gatas
12/10/2020,Dinheiro,Saúde,-24.78,BRL,-24.78,BRL,Farmácia
12/10/2020,Dinheiro,Entretenimento,-4,BRL,-4,BRL,Isqueiro
13/10/2020,Dinheiro,Contas,-24.95,BRL,-24.95,BRL,Correios
14/10/2020,Dinheiro,Entretenimento,-25,BRL,-25,BRL,Carona ida
15/10/2020,Dinheiro,Salário,1.563.01,BRL,1.563.01,BRL,Adiantamento
16/10/2020,Dinheiro,Entretenimento,-21,BRL,-21,BRL,Carona volta
17/10/2020,Dinheiro,Contas,-1.300,BRL,-1.300,BRL,Contas SJC
21/10/2020,Dinheiro,Depósitos,30,BRL,30,BRL,Reembolso
23/10/2020,Dinheiro,Transporte,-20,BRL,-20,BRL,Carona
23/10/2020,Dinheiro,Entretenimento,-11,BRL,-11,BRL,Café
23/10/2020,Dinheiro,Comida,-60.97,BRL,-60.97,BRL,Almoço
23/10/2020,Dinheiro,Entretenimento,-15.5,BRL,-15.5,BRL,Sorvete
23/10/2020,Dinheiro,Transporte,-20,BRL,-20,BRL,Carona
25/10/2020,Dinheiro,Comida,-48.1,BRL,-48.1,BRL,Feira
25/10/2020,Dinheiro,Presentes,-9,BRL,-9,BRL,Presentes casa
26/10/2020,Dinheiro,Comunicação,-54.99,BRL,-54.99,BRL,Conta Vivo
26/10/2020,Dinheiro,Depósitos,7.946.5,BRL,7.946.5,BRL,Rescisão Accenture
27/10/2020,Dinheiro,Animais,-68.2,BRL,-68.2,BRL,Areia
27/10/2020,Dinheiro,Contas,-2.000,BRL,-2.000,BRL,Easynvest
27/10/2020,Dinheiro,Contas,-2.000,BRL,-2.000,BRL,Poupança
06/11/2020,Dinheiro,Salário,2.168.9,BRL,2.168.9,BRL,Salário
06/11/2020,Dinheiro,Entretenimento,-83.33,BRL,-83.33,BRL,Bar
07/11/2020,Dinheiro,Saúde,-43.29,BRL,-43.29,BRL,Farmácia
07/11/2020,Dinheiro,Comida,-22.46,BRL,-22.46,BRL,Queijo
07/11/2020,Dinheiro,Entretenimento,-35.33,BRL,-35.33,BRL,Mawê
07/11/2020,Dinheiro,Comida,-6,BRL,-6,BRL,Água
07/11/2020,Dinheiro,Animais,-34.18,BRL,-34.18,BRL,Polipet
09/11/2020,Dinheiro,Comida,-3.5,BRL,-3.5,BRL,Água
09/11/2020,Dinheiro,Contas,-1.100,BRL,-1.100,BRL,Easynvest
09/11/2020,Dinheiro,Contas,-1.100,BRL,-1.100,BRL,Poupança
11/11/2020,Dinheiro,Contas,-1.487.62,BRL,-1.487.62,BRL,Conta crédito
11/11/2020,Dinheiro,Saúde,-10.99,BRL,-10.99,BRL,Escova de dente
11/11/2020,Dinheiro,Entretenimento,-6,BRL,-6,BRL,Seda
13/11/2020,Dinheiro,Entretenimento,-26.48,BRL,-26.48,BRL,Cerveja
16/11/2020,Dinheiro,Comida,-10.3,BRL,-10.3,BRL,Vita Sol
16/11/2020,Dinheiro,Contas,-1.289.11,BRL,-1.289.11,BRL,Condomínio
16/11/2020,Dinheiro,Depósitos,1.576.62,BRL,1.576.62,BRL,Dinheiro Cássio
16/11/2020,Dinheiro,Contas,-1.864.13,BRL,-1.864.13,BRL,Aluguel
17/11/2020,Dinheiro,Comida,-99,BRL,-99,BRL,Feira
20/11/2020,Dinheiro,Comida,-82,BRL,-82,BRL,Feira
20/11/2020,Dinheiro,Depósitos,224,BRL,224,BRL,Moleskine Cássio
20/11/2020,Dinheiro,Higiene pessoal,-30,BRL,-30,BRL,Corte de cabelo
23/11/2020,Dinheiro,Presentes,-55,BRL,-55,BRL,Concurso Thays
24/11/2020,Dinheiro,Comida,-98.91,BRL,-98.91,BRL,Feira
24/11/2020,Dinheiro,Entretenimento,-57.5,BRL,-57.5,BRL,Óleo
26/11/2020,Dinheiro,Comunicação,-54.99,BRL,-54.99,BRL,Conta Vivo
27/11/2020,Dinheiro,Comida,-69,BRL,-69,BRL,Feira
27/11/2020,Dinheiro,Depósitos,55,BRL,55,BRL,Dinheiro Thays
29/11/2020,Dinheiro,Comida,-15.77,BRL,-15.77,BRL,Villarreal
01/12/2020,Dinheiro,Depósitos,500,BRL,500,BRL,B8One
01/12/2020,Dinheiro,Depósitos,418,BRL,418,BRL,Accenture
01/12/2020,Dinheiro,Comida,-113,BRL,-113,BRL,Feira
01/12/2020,Dinheiro,Entretenimento,-25,BRL,-25,BRL,Pastel
01/12/2020,Dinheiro,Comida,-11.69,BRL,-11.69,BRL,Vita Sol
01/12/2020,Dinheiro,Saúde,-12.68,BRL,-12.68,BRL,Farmácia
03/12/2020,Dinheiro,Entretenimento,-22.9,BRL,-22.9,BRL,Sorvete
04/12/2020,Dinheiro,Comida,-106.8,BRL,-106.8,BRL,Feira
05/12/2020,Dinheiro,Saúde,-52.3,BRL,-52.3,BRL,Farmácia
05/12/2020,Dinheiro,Entretenimento,-122.3,BRL,-122.3,BRL,Gogó da Ema
07/12/2020,Dinheiro,Salário,4.712.64,BRL,4.712.64,BRL,Salário
07/12/2020,Dinheiro,Casa,-56.36,BRL,-56.36,BRL,Tinta impressora
08/12/2020,Dinheiro,Contas,-500,BRL,-500,BRL,Poupança
08/12/2020,Dinheiro,Comida,-102.9,BRL,-102.9,BRL,Feira
10/12/2020,Dinheiro,Casa,-3,BRL,-3,BRL,Impressão
11/12/2020,Dinheiro,Comida,-96.5,BRL,-96.5,BRL,Feira
11/12/2020,Dinheiro,Presentes,-20,BRL,-20,BRL,Marmita
13/12/2020,Dinheiro,Comida,-4.5,BRL,-4.5,BRL,Água
14/12/2020,Dinheiro,Entretenimento,-125,BRL,-125,BRL,Corre
14/12/2020,Dinheiro,Contas,-1.234.11,BRL,-1.234.11,BRL,Condomínio
14/12/2020,Dinheiro,Contas,-2.041.47,BRL,-2.041.47,BRL,Aluguel
14/12/2020,Dinheiro,Depósitos,1.637.79,BRL,1.637.79,BRL,Dinheiro Cássio
15/12/2020,Dinheiro,Contas,-2.303.87,BRL,-2.303.87,BRL,Conta crédito
15/12/2020,Dinheiro,Comida,-100.7,BRL,-100.7,BRL,Feira
17/12/2020,Dinheiro,Animais,-38.91,BRL,-38.91,BRL,Antipulgas
18/12/2020,Dinheiro,Comida,-68.8,BRL,-68.8,BRL,Feira
18/12/2020,Dinheiro,Depósitos,425,BRL,425,BRL,B8One 13
19/12/2020,Dinheiro,Animais,-36.9,BRL,-36.9,BRL,Areia
19/12/2020,Dinheiro,Comida,-57.89,BRL,-57.89,BRL,Pasta de amendoim
19/12/2020,Dinheiro,Entretenimento,-25.65,BRL,-25.65,BRL,Açaí
21/12/2020,Dinheiro,Contas,-450,BRL,-450,BRL,Poupança
21/12/2020,Dinheiro,Presentes,-20,BRL,-20,BRL,Carona Thays
22/12/2020,Dinheiro,Saúde,-14.11,BRL,-14.11,BRL,Farmácia
22/12/2020,Dinheiro,Comida,-110.1,BRL,-110.1,BRL,Feira
24/12/2020,Dinheiro,Comida,-2,BRL,-2,BRL,Alface
24/12/2020,Dinheiro,Comida,-32,BRL,-32,BRL,Feira
28/12/2020,Dinheiro,Contas,-54.99,BRL,-54.99,BRL,Conta Vivo
29/12/2020,Dinheiro,Salário,434.87,BRL,434.87,BRL,Rescisão Accenture
30/12/2020,Dinheiro,Contas,-100,BRL,-100,BRL,Poupança
30/12/2020,Dinheiro,Contas,-100,BRL,-100,BRL,Easynvest
30/12/2020,Dinheiro,Saúde,-8.99,BRL,-8.99,BRL,Farmácia
30/12/2020,Dinheiro,Casa,-129.95,BRL,-129.95,BRL,Adaptador
31/12/2020,Dinheiro,Comida,-80.8,BRL,-80.8,BRL,Feira
31/12/2020,Dinheiro,Depósitos,113,BRL,113,BRL,Dinheiro Cássio
31/12/2020,Dinheiro,Depósitos,200,BRL,200,BRL,Dinheiro Paula
01/01/2021,Dinheiro,Saúde,-46.2,BRL,-46.2,BRL,Farmácia
03/01/2021,Dinheiro,Contas,-100,BRL,-100,BRL,Poupança
04/01/2021,Dinheiro,Comida,-16.86,BRL,-16.86,BRL,Villarreal
06/01/2021,Dinheiro,Salário,4.712.64,BRL,4.712.64,BRL,Salário
07/01/2021,Dinheiro,Contas,-350,BRL,-350,BRL,Poupança
07/01/2021,Dinheiro,Contas,-200,BRL,-200,BRL,Easynvest
08/01/2021,Dinheiro,Comida,-138.8,BRL,-138.8,BRL,Feira
08/01/2021,Dinheiro,Comida,-55.92,BRL,-55.92,BRL,Vita Sol
08/01/2021,Dinheiro,Animais,-100,BRL,-100,BRL,Petshop
10/01/2021,Dinheiro,Comida,-3,BRL,-3,BRL,Água
10/01/2021,Dinheiro,Comida,-37.68,BRL,-37.68,BRL,Extra
11/01/2021,Dinheiro,Entretenimento,-200,BRL,-200,BRL,Corre
12/01/2021,Dinheiro,Comida,-92.5,BRL,-92.5,BRL,Feira
13/01/2021,Dinheiro,Contas,-2.041.47,BRL,-2.041.47,BRL,Aluguel
13/01/2021,Dinheiro,Depósitos,1.600,BRL,1.600,BRL,Dinheiro Cássio
13/01/2021,Dinheiro,Contas,-1.234.11,BRL,-1.234.11,BRL,Condomínio
14/01/2021,Dinheiro,Contas,-181.87,BRL,-181.87,BRL,Luz
14/01/2021,Dinheiro,Contas,-1.362.41,BRL,-1.362.41,BRL,Crédito
14/01/2021,Dinheiro,Contas,-280.33,BRL,-280.33,BRL,NET
14/01/2021,Dinheiro,Comida,-36.55,BRL,-36.55,BRL,Villarreal
16/01/2021,Dinheiro,Comida,-20.08,BRL,-20.08,BRL,Vita Sol
16/01/2021,Dinheiro,Esportes,-2,BRL,-2,BRL,Água
17/01/2021,Dinheiro,Esportes,-3,BRL,-3,BRL,Água
18/01/2021,Dinheiro,Entretenimento,-11.17,BRL,-11.17,BRL,Besteiras
22/01/2021,Dinheiro,Comida,-9,BRL,-9,BRL,Feira
22/01/2021,Dinheiro,Comida,-3.55,BRL,-3.55,BRL,Aveia
23/01/2021,Dinheiro,Comida,-2.9,BRL,-2.9,BRL,Sal
27/01/2021,Dinheiro,Contas,-54.99,BRL,-54.99,BRL,Conta Vivo
30/01/2021,Dinheiro,Comida,-18.34,BRL,-18.34,BRL,Vita Sol
30/01/2021,Dinheiro,Entretenimento,-20,BRL,-20,BRL,Acessórios
30/01/2021,Dinheiro,Comida,-11.48,BRL,-11.48,BRL,Villarreal
31/01/2021,Dinheiro,Esportes,-2.9,BRL,-2.9,BRL,Água
02/02/2021,Dinheiro,Comida,-16.5,BRL,-16.5,BRL,Feira
04/02/2021,Dinheiro,Esportes,-2.5,BRL,-2.5,BRL,Água
05/02/2021,Dinheiro,Salário,4.718.19,BRL,4.718.19,BRL,Salário
06/02/2021,Dinheiro,Esportes,-2,BRL,-2,BRL,Água
06/02/2021,Dinheiro,Comida,-82.3,BRL,-82.3,BRL,Extra
07/02/2021,Dinheiro,Esportes,-59.8,BRL,-59.8,BRL,Pasta de amendoim
07/02/2021,Dinheiro,Esportes,-1.8,BRL,-1.8,BRL,Água
08/02/2021,Dinheiro,Contas,-140.11,BRL,-140.11,BRL,Conta de luz
08/02/2021,Dinheiro,Contas,-1.234.11,BRL,-1.234.11,BRL,Condomínio
08/02/2021,Dinheiro,Depósitos,1.637.79,BRL,1.637.79,BRL,Dinheiro Cássio
08/02/2021,Dinheiro,Higiene pessoal,-35,BRL,-35,BRL,Corte de cabelo
09/02/2021,Dinheiro,Comida,-171.86,BRL,-171.86,BRL,Feira
09/02/2021,Dinheiro,Contas,-284.47,BRL,-284.47,BRL,NET
09/02/2021,Dinheiro,Contas,-2.041.47,BRL,-2.041.47,BRL,Aluguel
09/02/2021,Dinheiro,Contas,-120.15,BRL,-120.15,BRL,Celular pai
09/02/2021,Dinheiro,Contas,-64.99,BRL,-64.99,BRL,Celular mãe
10/02/2021,Dinheiro,Depósitos,27,BRL,27,BRL,Spotify Flink
11/02/2021,Dinheiro,Depósitos,26.9,BRL,26.9,BRL,Spotify Paula
12/02/2021,Dinheiro,Comida,-37.82,BRL,-37.82,BRL,Pães e frios
12/02/2021,Dinheiro,Comida,-127.5,BRL,-127.5,BRL,Feira
12/02/2021,Dinheiro,Esportes,-2.9,BRL,-2.9,BRL,Água
13/02/2021,Dinheiro,Contas,-1.264.18,BRL,-1.264.18,BRL,Conta crédito
14/02/2021,Dinheiro,Esportes,-2.9,BRL,-2.9,BRL,Água
14/02/2021,Dinheiro,Entretenimento,-42.5,BRL,-42.5,BRL,Marinella
16/02/2021,Dinheiro,Comida,-93.68,BRL,-93.68,BRL,Feira
16/02/2021,Dinheiro,Entretenimento,-22,BRL,-22,BRL,Café na feira
16/02/2021,Dinheiro,Comida,-16.69,BRL,-16.69,BRL,Vita Sol
18/02/2021,Dinheiro,Entretenimento,-15.5,BRL,-15.5,BRL,Café da manhã
19/02/2021,Dinheiro,Comida,-114.6,BRL,-114.6,BRL,Feira
19/02/2021,Dinheiro,Entretenimento,-24,BRL,-24,BRL,Gelato
23/02/2021,Dinheiro,Comida,-109.3,BRL,-109.3,BRL,Feira
23/02/2021,Dinheiro,Entretenimento,-6,BRL,-6,BRL,Padaria
26/02/2021,Dinheiro,Contas,-54.99,BRL,-54.99,BRL,Conta Vivo
27/02/2021,Dinheiro,Esportes,-2.9,BRL,-2.9,BRL,Água
27/02/2021,Dinheiro,Entretenimento,-12.48,BRL,-12.48,BRL,Salgadinhos
27/02/2021,Dinheiro,Comida,-11.83,BRL,-11.83,BRL,Vita Sol
28/02/2021,Dinheiro,Esportes,-1.8,BRL,-1.8,BRL,Água
02/03/2021,Dinheiro,Comida,-167.52,BRL,-167.52,BRL,Feira
05/03/2021,Dinheiro,Salário,4.718.19,BRL,4.718.19,BRL,Salário
05/03/2021,Dinheiro,Contas,-150,BRL,-150,BRL,Declaração IR
06/03/2021,Dinheiro,Entretenimento,-120,BRL,-120,BRL,Corre
06/03/2021,Dinheiro,Esportes,-3,BRL,-3,BRL,Água
08/03/2021,Dinheiro,Contas,-2.222.07,BRL,-2.222.07,BRL,Aluguel
08/03/2021,Dinheiro,Contas,-1.234.11,BRL,-1.234.11,BRL,Condomínio
08/03/2021,Dinheiro,Contas,-128.28,BRL,-128.28,BRL,EDP
08/03/2021,Dinheiro,Contas,-120.15,BRL,-120.15,BRL,Celular pai
08/03/2021,Dinheiro,Contas,-66.32,BRL,-66.32,BRL,Celular mãe
08/03/2021,Dinheiro,Contas,-284.78,BRL,-284.78,BRL,Net
09/03/2021,Dinheiro,Comida,-118.32,BRL,-118.32,BRL,Feira
10/03/2021,Dinheiro,Depósitos,1.728.09,BRL,1.728.09,BRL,Dinheiro Cássio
10/03/2021,Dinheiro,Saúde,-92,BRL,-92,BRL,Byo Formula
10/03/2021,Dinheiro,Contas,-300,BRL,-300,BRL,Poupança
13/03/2021,Dinheiro,Comida,-48.3,BRL,-48.3,BRL,Extra
14/03/2021,Dinheiro,Comida,-19.28,BRL,-19.28,BRL,Padaria
16/03/2021,Dinheiro,Comida,-166.81,BRL,-166.81,BRL,Feira
16/03/2021,Dinheiro,Comida,-16.56,BRL,-16.56,BRL,Pão de queijo
16/03/2021,Dinheiro,Comida,-14.09,BRL,-14.09,BRL,Vita Sol
16/03/2021,Dinheiro,Higiene pessoal,-27.25,BRL,-27.25,BRL,Farmácia
17/03/2021,Dinheiro,Presentes,-40,BRL,-40,BRL,Chá de fraldas
17/03/2021,Dinheiro,Contas,-603.46,BRL,-603.46,BRL,Conta crédito
19/03/2021,Dinheiro,Comida,-152.8,BRL,-152.8,BRL,Feira
20/03/2021,Dinheiro,Comida,-16.17,BRL,-16.17,BRL,Padaria
21/03/2021,Dinheiro,Comida,-5.99,BRL,-5.99,BRL,Coca Cola
21/03/2021,Dinheiro,Comida,-16.5,BRL,-16.5,BRL,Padaria
22/03/2021,Dinheiro,Comida,-34.33,BRL,-34.33,BRL,Pão e frios
23/03/2021,Dinheiro,Comida,-88.7,BRL,-88.7,BRL,Feira
23/03/2021,Dinheiro,Comida,-8.98,BRL,-8.98,BRL,Coxinha
24/03/2021,Dinheiro,Esportes,-3,BRL,-3,BRL,Água
24/03/2021,Dinheiro,Depósitos,31.9,BRL,31.9,BRL,Premium Johnny
24/03/2021,Dinheiro,Depósitos,31.9,BRL,31.9,BRL,Premium Conrado
24/03/2021,Dinheiro,Depósitos,31.9,BRL,31.9,BRL,Premium Flink
24/03/2021,Dinheiro,Depósitos,31.91,BRL,31.91,BRL,Premium Ricardo
26/03/2021,Dinheiro,Comida,-98.1,BRL,-98.1,BRL,Feira
26/03/2021,Dinheiro,Contas,-54.99,BRL,-54.99,BRL,Conta Vivo
26/03/2021,Dinheiro,Entretenimento,-17.98,BRL,-17.98,BRL,Pringles
26/03/2021,Dinheiro,Comida,-25.85,BRL,-25.85,BRL,Vita Sol
27/03/2021,Dinheiro,Esportes,-41.8,BRL,-41.8,BRL,Pasta de amendoim
28/03/2021,Dinheiro,Esportes,-2.9,BRL,-2.9,BRL,Água
30/03/2021,Dinheiro,Comida,-108.25,BRL,-108.25,BRL,Feira
05/04/2021,Dinheiro,Depósitos,3.45,BRL,3.45,BRL,?
06/04/2021,Dinheiro,Comida,-130.61,BRL,-130.61,BRL,Feira
07/04/2021,Dinheiro,Salário,4.718.19,BRL,4.718.19,BRL,Salário
08/04/2021,Dinheiro,Casa,-460,BRL,-460,BRL,Instalação de redes
08/04/2021,Dinheiro,Presentes,-50,BRL,-50,BRL,Costelinha
11/04/2021,Dinheiro,Higiene pessoal,-5.29,BRL,-5.29,BRL,Fio dental
12/04/2021,Dinheiro,Contas,-64.99,BRL,-64.99,BRL,Celular mãe
12/04/2021,Dinheiro,Contas,-122.45,BRL,-122.45,BRL,Celular pai
12/04/2021,Dinheiro,Contas,-493.98,BRL,-493.98,BRL,Aluguel - dinheiro Cássio
12/04/2021,Dinheiro,Contas,-1.234.11,BRL,-1.234.11,BRL,Condomínio
12/04/2021,Dinheiro,Contas,-136.63,BRL,-136.63,BRL,EDP
13/04/2021,Dinheiro,Comida,-101.55,BRL,-101.55,BRL,Feira
14/04/2021,Dinheiro,Contas,-300,BRL,-300,BRL,Poupança
15/04/2021,Dinheiro,Esportes,-2.9,BRL,-2.9,BRL,Água
15/04/2021,Dinheiro,Comida,-5.9,BRL,-5.9,BRL,Leite
15/04/2021,Dinheiro,Poupança,300.35,BRL,300.35,BRL,Poupança
15/04/2021,Dinheiro,Contas,-518.99,BRL,-518.99,BRL,Conta crédito
15/04/2021,Dinheiro,Higiene pessoal,-38.89,BRL,-38.89,BRL,Protetor bucal
16/04/2021,Dinheiro,Comida,-98.8,BRL,-98.8,BRL,Feira
16/04/2021,Dinheiro,Contas,-273.46,BRL,-273.46,BRL,NET
17/04/2021,Dinheiro,Comida,-19.05,BRL,-19.05,BRL,Vita Sol
20/04/2021,Dinheiro,Comida,-151.94,BRL,-151.94,BRL,Feira
23/04/2021,Dinheiro,Comida,-79,BRL,-79,BRL,Feira
24/04/2021,Dinheiro,Contas,-26.9,BRL,-26.9,BRL,Conta crédito
27/04/2021,Dinheiro,Comida,-94.9,BRL,-94.9,BRL,Feira
27/04/2021,Dinheiro,Contas,-54.99,BRL,-54.99,BRL,Conta Vivo
27/04/2021,Dinheiro,Contas,-300,BRL,-300,BRL,Poupança
28/04/2021,Dinheiro,Esportes,-3,BRL,-3,BRL,Água
30/04/2021,Dinheiro,Comida,-43,BRL,-43,BRL,Feira
02/05/2021,Dinheiro,Esportes,-3,BRL,-3,BRL,Água
04/05/2021,Dinheiro,Comida,-46.53,BRL,-46.53,BRL,Feira
05/05/2021,Dinheiro,Comida,-25.5,BRL,-25.5,BRL,Vita Sol
07/05/2021,Dinheiro,Comida,-80,BRL,-80,BRL,Feira
07/05/2021,Dinheiro,Salário,4.718.19,BRL,4.718.19,BRL,Salário
07/05/2021,Dinheiro,Contas,-256.69,BRL,-256.69,BRL,Conta crédito
07/05/2021,Dinheiro,Contas,-1.728.09,BRL,-1.728.09,BRL,Aluguel Condomínio - Cassio
07/05/2021,Dinheiro,Contas,-132.58,BRL,-132.58,BRL,EDP
07/05/2021,Dinheiro,Contas,-68.41,BRL,-68.41,BRL,Celular mãe
07/05/2021,Dinheiro,Contas,-199.42,BRL,-199.42,BRL,NET
07/05/2021,Dinheiro,Higiene pessoal,-106.22,BRL,-106.22,BRL,Máscara
10/05/2021,Dinheiro,Contas,-480,BRL,-480,BRL,Easynvest
10/05/2021,Dinheiro,Contas,-700,BRL,-700,BRL,Poupança
11/05/2021,Dinheiro,Comida,-125.46,BRL,-125.46,BRL,Feira
12/05/2021,Dinheiro,Contas,-30,BRL,-30,BRL,Exame demissional b8one
12/05/2021,Dinheiro,Contas,-33.55,BRL,-33.55,BRL,Correios
12/05/2021,Dinheiro,Higiene pessoal,-35,BRL,-35,BRL,Corte de cabelo
13/05/2021,Dinheiro,Comida,-9.57,BRL,-9.57,BRL,Vita Sol
13/05/2021,Dinheiro,Entretenimento,-59.3,BRL,-59.3,BRL,Villarreal
14/05/2021,Dinheiro,Higiene pessoal,-28.28,BRL,-28.28,BRL,Farmácia
15/05/2021,Dinheiro,Higiene pessoal,-35.37,BRL,-35.37,BRL,Farmácia
18/05/2021,Dinheiro,Comida,-153.53,BRL,-153.53,BRL,Feira
20/05/2021,Dinheiro,Contas,-56.08,BRL,-56.08,BRL,Conta Vivo
20/05/2021,Dinheiro,Depósitos,63.55,BRL,63.55,BRL,Reembolso
21/05/2021,Dinheiro,Comida,-160.55,BRL,-160.55,BRL,Feira
24/05/2021,Dinheiro,Poupança,1.04,BRL,1.04,BRL,Rendimento
25/05/2021,Dinheiro,Comida,-98.3,BRL,-98.3,BRL,Feira
27/05/2021,Dinheiro,Higiene pessoal,-63.36,BRL,-63.36,BRL,Farmácia
28/05/2021,Dinheiro,Comida,-102,BRL,-102,BRL,Feira
28/05/2021,Dinheiro,Esportes,-3.5,BRL,-3.5,BRL,Água
28/05/2021,Dinheiro,Entretenimento,-30.97,BRL,-30.97,BRL,Americanas petiscos
28/05/2021,Dinheiro,Comida,-21.49,BRL,-21.49,BRL,Vita Sol
30/05/2021,Dinheiro,Comida,-93.15,BRL,-93.15,BRL,Extra
01/06/2021,Dinheiro,Salário,3.692.91,BRL,3.692.91,BRL,Salário
01/06/2021,Dinheiro,Comida,-99.95,BRL,-99.95,BRL,Feira
01/06/2021,Dinheiro,Contas,-621.61,BRL,-621.61,BRL,Crédito
02/06/2021,Dinheiro,Contas,-2.309.18,BRL,-2.309.18,BRL,Aluguel Condomínio - Cassio
02/06/2021,Dinheiro,Contas,-127.42,BRL,-127.42,BRL,EDP
02/06/2021,Dinheiro,Contas,-120.31,BRL,-120.31,BRL,NET
02/06/2021,Dinheiro,Poupança,1.984.11,BRL,1.984.11,BRL,Rescisão
02/06/2021,Dinheiro,Contas,-10.9,BRL,-10.9,BRL,Seguro cartão
03/06/2021,Dinheiro,Entretenimento,-22.98,BRL,-22.98,BRL,Americanas petiscos
04/06/2021,Dinheiro,Comida,-60.5,BRL,-60.5,BRL,Feira
04/06/2021,Dinheiro,Higiene pessoal,-10,BRL,-10,BRL,Bucha
04/06/2021,Dinheiro,Esportes,-2.5,BRL,-2.5,BRL,Água
05/06/2021,Dinheiro,Entretenimento,-29.71,BRL,-29.71,BRL,Padaria
06/06/2021,Dinheiro,Contas,-46.8,BRL,-46.8,BRL,Crédito
06/06/2021,Dinheiro,Entretenimento,-225,BRL,-225,BRL,Airbnb
06/06/2021,Dinheiro,Presentes,-120,BRL,-120,BRL,Doação cestas
06/06/2021,Dinheiro,Poupança,225,BRL,225,BRL,Airbnb
06/06/2021,Dinheiro,Entretenimento,-12.99,BRL,-12.99,BRL,Açaí
06/06/2021,Dinheiro,Poupança,1.41,BRL,1.41,BRL,Rendimento
07/06/2021,Dinheiro,Comida,-93.5,BRL,-93.5,BRL,Pizza
08/06/2021,Dinheiro,Comida,-114.9,BRL,-114.9,BRL,Feira
08/06/2021,Dinheiro,Comunicação,-446,BRL,-446,BRL,Conserto celular
08/06/2021,Dinheiro,Poupança,446,BRL,446,BRL,Poupança
08/06/2021,Dinheiro,Contas,-800,BRL,-800,BRL,Fatura Paula
08/06/2021,Dinheiro,Animais,-149.9,BRL,-149.9,BRL,Ração
08/06/2021,Dinheiro,Contas,-67.87,BRL,-67.87,BRL,Celular mãe
10/06/2021,Dinheiro,Higiene pessoal,-84.98,BRL,-84.98,BRL,Higiene pessoal
11/06/2021,Dinheiro,Comida,-63.5,BRL,-63.5,BRL,Feira
11/06/2021,Dinheiro,Comida,-19.9,BRL,-19.9,BRL,Pasta de amendoim
11/06/2021,Dinheiro,Presentes,-60,BRL,-60,BRL,Dinheiro pais
11/06/2021,Dinheiro,Entretenimento,-150,BRL,-150,BRL,Corre
12/06/2021,Dinheiro,Entretenimento,-10.99,BRL,-10.99,BRL,Pringles
14/06/2021,Dinheiro,Poupança,1.66,BRL,1.66,BRL,Rendimento
15/06/2021,Dinheiro,Comida,-69.05,BRL,-69.05,BRL,Feira
17/06/2021,Dinheiro,Casa,-201.93,BRL,-201.93,BRL,Equip Trabalho
17/06/2021,Dinheiro,Poupança,201.93,BRL,201.93,BRL,Equip Trabalho
18/06/2021,Dinheiro,Entretenimento,-6,BRL,-6,BRL,Seda
18/06/2021,Dinheiro,Comida,-93,BRL,-93,BRL,Feira
18/06/2021,Dinheiro,Higiene pessoal,-51.99,BRL,-51.99,BRL,Protetor solar
20/06/2021,Dinheiro,Esportes,-17.3,BRL,-17.3,BRL,Barras e água
20/06/2021,Dinheiro,Poupança,0.41,BRL,0.41,BRL,Rendimento
21/06/2021,Dinheiro,Contas,-44.99,BRL,-44.99,BRL,Conta Vivo
22/06/2021,Dinheiro,Depósitos,220,BRL,220,BRL,Ordem de pagamento
22/06/2021,Dinheiro,Contas,-229.1,BRL,-229.1,BRL,Poupança
25/06/2021,Dinheiro,Comida,-130.7,BRL,-130.7,BRL,Feira
26/06/2021,Dinheiro,Entretenimento,-215.24,BRL,-215.24,BRL,Caraguatatuba
27/06/2021,Dinheiro,Depósitos,60,BRL,60,BRL,Dinheiro Thays
27/06/2021,Dinheiro,Poupança,480.81,BRL,480.81,BRL,Caraguatatuba
28/06/2021,Dinheiro,Poupança,0.18,BRL,0.18,BRL,Rendimento
28/06/2021,Dinheiro,Saúde,-22.9,BRL,-22.9,BRL,Adesivo contra espinha
28/06/2021,Dinheiro,Contas,-265.57,BRL,-265.57,BRL,Crédito
29/06/2021,Dinheiro,Comida,-93.54,BRL,-93.54,BRL,Feira
30/06/2021,Dinheiro,Contas,-131.66,BRL,-131.66,BRL,Poupança
30/06/2021,Dinheiro,Poupança,0.04,BRL,0.04,BRL,Rendimento
01/07/2021,Dinheiro,Salário,7.175.7,BRL,7.175.7,BRL,Salário
02/07/2021,Dinheiro,Comida,-94,BRL,-94,BRL,Feira
02/07/2021,Dinheiro,Contas,-10.9,BRL,-10.9,BRL,Seguro cartão
03/07/2021,Dinheiro,Presentes,-78.7,BRL,-78.7,BRL,Kalunga
03/07/2021,Dinheiro,Casa,-97.8,BRL,-97.8,BRL,Suporte TV
04/07/2021,Dinheiro,Comida,-39,BRL,-39,BRL,Frango assado
04/07/2021,Dinheiro,Contas,-2,BRL,-2,BRL,Manifestação
05/07/2021,Dinheiro,Poupança,0.41,BRL,0.41,BRL,Rendimento
05/07/2021,Dinheiro,Contas,-1.377.85,BRL,-1.377.85,BRL,Crédito
05/07/2021,Dinheiro,Contas,-2.109.18,BRL,-2.109.18,BRL,Aluguel Condomínio
05/07/2021,Dinheiro,Contas,-126.47,BRL,-126.47,BRL,EDP
05/07/2021,Dinheiro,Contas,-114.99,BRL,-114.99,BRL,NET
05/07/2021,Dinheiro,Animais,-129.7,BRL,-129.7,BRL,Tudo de Bicho
05/07/2021,Dinheiro,Contas,-66.32,BRL,-66.32,BRL,Celular mãe
06/07/2021,Dinheiro,Comida,-163.25,BRL,-163.25,BRL,Feira
06/07/2021,Dinheiro,Contas,-840,BRL,-840,BRL,Easynvest
07/07/2021,Dinheiro,Comida,-28,BRL,-28,BRL,Padaria
07/07/2021,Dinheiro,Depósitos,120,BRL,120,BRL,Dinheiro Thays
08/07/2021,Dinheiro,Contas,-650,BRL,-650,BRL,Poupança
09/07/2021,Dinheiro,Comida,-86,BRL,-86,BRL,Feira
12/07/2021,Dinheiro,Poupança,0.59,BRL,0.59,BRL,Rendimento
12/07/2021,Dinheiro,Presentes,-13.98,BRL,-13.98,BRL,Chocolate
12/07/2021,Dinheiro,Presentes,-22.47,BRL,-22.47,BRL,Vita Sol
13/07/2021,Dinheiro,Comida,-91.3,BRL,-91.3,BRL,Feira
13/07/2021,Dinheiro,Casa,-95,BRL,-95,BRL,Instalação suportes
16/07/2021,Dinheiro,Comida,-83,BRL,-83,BRL,Feira
16/07/2021,Dinheiro,Comida,-19.9,BRL,-19.9,BRL,Pasta de amendoim
18/07/2021,Dinheiro,Entretenimento,-33.11,BRL,-33.11,BRL,Açaí
18/07/2021,Dinheiro,Presentes,-2,BRL,-2,BRL,Feira
18/07/2021,Dinheiro,Poupança,0.56,BRL,0.56,BRL,Rendimento
19/07/2021,Dinheiro,Presentes,-34.99,BRL,-34.99,BRL,Leite ninho
20/07/2021,Dinheiro,Comida,-102.56,BRL,-102.56,BRL,Feira
20/07/2021,Dinheiro,Entretenimento,-12,BRL,-12,BRL,Seda
20/07/2021,Dinheiro,Saúde,-89.9,BRL,-89.9,BRL,Teste covid
22/07/2021,Dinheiro,Contas,-44.99,BRL,-44.99,BRL,Conta Vivo
22/07/2021,Dinheiro,Esportes,-3.5,BRL,-3.5,BRL,Água
22/07/2021,Dinheiro,Casa,-47.4,BRL,-47.4,BRL,Canetas
23/07/2021,Dinheiro,Comida,-53,BRL,-53,BRL,Feira
25/07/2021,Dinheiro,Higiene pessoal,-63.25,BRL,-63.25,BRL,Higiene pessoal (gilete + escova + desodo)
25/07/2021,Dinheiro,Poupança,0.51,BRL,0.51,BRL,Rendimento
26/07/2021,Dinheiro,Higiene pessoal,-40,BRL,-40,BRL,Corte de cabelo
27/07/2021,Dinheiro,Comida,-116,BRL,-116,BRL,Feira
27/07/2021,Dinheiro,Entretenimento,-15.75,BRL,-15.75,BRL,Mercadinho
30/07/2021,Dinheiro,Comida,-70.5,BRL,-70.5,BRL,Feira
30/07/2021,Dinheiro,Presentes,-10,BRL,-10,BRL,Doação
31/07/2021,Dinheiro,Entretenimento,-27.49,BRL,-27.49,BRL,Doces
01/08/2021,Dinheiro,Presentes,-50,BRL,-50,BRL,Janta Thays
02/08/2021,Dinheiro,Poupança,0.3,BRL,0.3,BRL,Rendimento
02/08/2021,Dinheiro,Salário,7.175.7,BRL,7.175.7,BRL,Salário
02/08/2021,Dinheiro,Contas,-2.369.36,BRL,-2.369.36,BRL,Aluguel Condomínio - Cassio
02/08/2021,Dinheiro,Contas,-114.99,BRL,-114.99,BRL,NET
02/08/2021,Dinheiro,Contas,-65,BRL,-65,BRL,Celular mãe
03/08/2021,Dinheiro,Depósitos,60,BRL,60,BRL,Paula
05/08/2021,Dinheiro,Contas,-909.08,BRL,-909.08,BRL,Conta crédito
05/08/2021,Dinheiro,Contas,-129.44,BRL,-129.44,BRL,EDP
06/08/2021,Dinheiro,Comida,-82,BRL,-82,BRL,Feira
06/08/2021,Dinheiro,Comida,-21.8,BRL,-21.8,BRL,Shoyu
06/08/2021,Dinheiro,Entretenimento,-29.55,BRL,-29.55,BRL,Besteiras
08/08/2021,Dinheiro,Comida,-54.8,BRL,-54.8,BRL,Frango assado
09/08/2021,Dinheiro,Poupança,0.92,BRL,0.92,BRL,Rendimento
09/08/2021,Dinheiro,Depósitos,27,BRL,27,BRL,Spotify Flink
09/08/2021,Dinheiro,Depósitos,26.9,BRL,26.9,BRL,Spotify Amanda
09/08/2021,Dinheiro,Depósitos,26.9,BRL,26.9,BRL,Spotify Paula
10/08/2021,Dinheiro,Comida,-74.25,BRL,-74.25,BRL,Feira
15/08/2021,Dinheiro,Entretenimento,-24,BRL,-24,BRL,Sorvete
15/08/2021,Dinheiro,Contas,-1.000,BRL,-1.000,BRL,Poupança
15/08/2021,Dinheiro,Poupança,1.11,BRL,1.11,BRL,Rendimento
16/08/2021,Dinheiro,Contas,-970,BRL,-970,BRL,Easynvest
17/08/2021,Dinheiro,Comida,-171.25,BRL,-171.25,BRL,Feira
17/08/2021,Dinheiro,Contas,-50.99,BRL,-50.99,BRL,Conta Vivo
17/08/2021,Dinheiro,Animais,-100,BRL,-100,BRL,Banho gatas
17/08/2021,Dinheiro,Contas,-350,BRL,-350,BRL,Poupança
20/08/2021,Dinheiro,Comida,-104,BRL,-104,BRL,Feira
20/08/2021,Dinheiro,Entretenimento,-24,BRL,-24,BRL,Sorvete
21/08/2021,Dinheiro,Comida,-61.89,BRL,-61.89,BRL,Pasta de amendoim
21/08/2021,Dinheiro,Saúde,-44.63,BRL,-44.63,BRL,Farmácia
21/08/2021,Dinheiro,Entretenimento,-35.46,BRL,-35.46,BRL,Americanas
22/08/2021,Dinheiro,Comida,-21.17,BRL,-21.17,BRL,Villareal
23/08/2021,Dinheiro,Poupança,0.87,BRL,0.87,BRL,Rendimento
24/08/2021,Dinheiro,Comida,-113.49,BRL,-113.49,BRL,Feira
24/08/2021,Dinheiro,Presentes,-10,BRL,-10,BRL,Doação feira
27/08/2021,Dinheiro,Comida,-70.4,BRL,-70.4,BRL,Feira
28/08/2021,Dinheiro,Animais,-180.8,BRL,-180.8,BRL,Tudo de Bicho
28/08/2021,Dinheiro,Entretenimento,-34.03,BRL,-34.03,BRL,Villarreal
29/08/2021,Dinheiro,Higiene pessoal,-101.67,BRL,-101.67,BRL,Farmácia
30/08/2021,Dinheiro,Poupança,0.56,BRL,0.56,BRL,Rendimento
31/08/2021,Dinheiro,Comida,-132.02,BRL,-132.02,BRL,Feira
01/09/2021,Dinheiro,Salário,7.175.72,BRL,7.175.72,BRL,Salário
01/09/2021,Dinheiro,Contas,-1.950,BRL,-1.950,BRL,Easynvest
01/09/2021,Dinheiro,Contas,-2.000,BRL,-2.000,BRL,Poupança
01/09/2021,Dinheiro,Animais,-12,BRL,-12,BRL,Petiscos
01/09/2021,Dinheiro,Comida,-28.35,BRL,-28.35,BRL,Villarreal
03/09/2021,Dinheiro,Comida,-135,BRL,-135,BRL,Feira
03/09/2021,Dinheiro,Saúde,-350,BRL,-350,BRL,Psicólogo Thays
04/09/2021,Dinheiro,Entretenimento,-12,BRL,-12,BRL,Sorvete
05/09/2021,Dinheiro,Entretenimento,-11.8,BRL,-11.8,BRL,Batatas
05/09/2021,Dinheiro,Entretenimento,-13.89,BRL,-13.89,BRL,Dia
06/09/2021,Dinheiro,Poupança,0.89,BRL,0.89,BRL,Rendimento
06/09/2021,Dinheiro,Contas,-1.079.92,BRL,-1.079.92,BRL,Conta crédito
06/09/2021,Dinheiro,Entretenimento,-27.98,BRL,-27.98,BRL,Americanas
07/09/2021,Dinheiro,Comida,-103.55,BRL,-103.55,BRL,Feira
08/09/2021,Dinheiro,Entretenimento,-120,BRL,-120,BRL,Corre
08/09/2021,Dinheiro,Entretenimento,-6,BRL,-6,BRL,Seda
11/09/2021,Dinheiro,Presentes,-20,BRL,-20,BRL,Doação
12/09/2021,Dinheiro,Poupança,0.65,BRL,0.65,BRL,Rendimento
14/09/2021,Dinheiro,Comida,-91.9,BRL,-91.9,BRL,Feira
14/09/2021,Dinheiro,Higiene pessoal,-89.97,BRL,-89.97,BRL,Máscaras
16/09/2021,Dinheiro,Comida,-84.23,BRL,-84.23,BRL,Salgados
16/09/2021,Dinheiro,Higiene pessoal,-20.84,BRL,-20.84,BRL,Bandaid
17/09/2021,Dinheiro,Comida,-97,BRL,-97,BRL,Feira
18/09/2021,Dinheiro,Entretenimento,-38.2,BRL,-38.2,BRL,Açaí
20/09/2021,Dinheiro,Poupança,0.86,BRL,0.86,BRL,Rendimento
20/09/2021,Dinheiro,Contas,-50.99,BRL,-50.99,BRL,Conta vivo
20/09/2021,Dinheiro,Presentes,-40,BRL,-40,BRL,Dinheiro Thays
21/09/2021,Dinheiro,Comida,-124.06,BRL,-124.06,BRL,Feira
23/09/2021,Dinheiro,Contas,-200,BRL,-200,BRL,Poupança
24/09/2021,Dinheiro,Comida,-64,BRL,-64,BRL,Feira
24/09/2021,Dinheiro,Depósitos,127.6,BRL,127.6,BRL,YouTube Premium
26/09/2021,Dinheiro,Presentes,-20,BRL,-20,BRL,Doação
26/09/2021,Dinheiro,Presentes,-20,BRL,-20,BRL,Doação
27/09/2021,Dinheiro,Poupança,0.63,BRL,0.63,BRL,Rendimento
27/09/2021,Dinheiro,Comida,-1.5,BRL,-1.5,BRL,Água
28/09/2021,Dinheiro,Comida,-119.23,BRL,-119.23,BRL,Feira
28/09/2021,Dinheiro,Entretenimento,-25,BRL,-25,BRL,Sorvete
01/10/2021,Dinheiro,Comida,-47,BRL,-47,BRL,Feira
01/10/2021,Dinheiro,Higiene pessoal,-14.65,BRL,-14.65,BRL,Farmácia
02/10/2021,Dinheiro,Entretenimento,-30,BRL,-30,BRL,Sorvete
03/10/2021,Dinheiro,Poupança,0.24,BRL,0.24,BRL,Rendimento
04/10/2021,Dinheiro,Salário,7.175.72,BRL,7.175.72,BRL,Salário
04/10/2021,Dinheiro,Casa,-9.5,BRL,-9.5,BRL,Impressão contrato
04/10/2021,Dinheiro,Casa,-11.04,BRL,-11.04,BRL,Reconhecimento de firma
04/10/2021,Dinheiro,Casa,-4.140,BRL,-4.140,BRL,Cama
04/10/2021,Dinheiro,Presentes,-40.75,BRL,-40.75,BRL,Passagem Thays
04/10/2021,Dinheiro,Presentes,-100,BRL,-100,BRL,Dinheiro Thays
04/10/2021,Dinheiro,Contas,-2.000,BRL,-2.000,BRL,Poupança
05/10/2021,Dinheiro,Higiene pessoal,-21,BRL,-21,BRL,Shampoo
05/10/2021,Dinheiro,Comida,-127.15,BRL,-127.15,BRL,Feira
05/10/2021,Dinheiro,Entretenimento,-6,BRL,-6,BRL,Seda
05/10/2021,Dinheiro,Animais,-8.3,BRL,-8.3,BRL,Petisco
05/10/2021,Dinheiro,Casa,-111.03,BRL,-111.03,BRL,Seguro
06/10/2021,Dinheiro,Presentes,-9,BRL,-9,BRL,Doação
06/10/2021,Dinheiro,Entretenimento,-210,BRL,-210,BRL,Corre
08/10/2021,Dinheiro,Entretenimento,-28.38,BRL,-28.38,BRL,Besteiras
08/10/2021,Dinheiro,Comida,-73,BRL,-73,BRL,Feira
11/10/2021,Dinheiro,Poupança,0.55,BRL,0.55,BRL,Rendimento
12/10/2021,Dinheiro,Comida,-94.83,BRL,-94.83,BRL,Feira
15/10/2021,Dinheiro,Comida,-83,BRL,-83,BRL,Feira
16/10/2021,Dinheiro,Entretenimento,-42,BRL,-42,BRL,Amandine
18/10/2021,Dinheiro,Poupança,0.35,BRL,0.35,BRL,Rendimento
18/10/2021,Dinheiro,Contas,-50.99,BRL,-50.99,BRL,Conta Vivo
18/10/2021,Dinheiro,Animais,-38.9,BRL,-38.9,BRL,Areia
19/10/2021,Dinheiro,Comida,-76.3,BRL,-76.3,BRL,Feira
19/10/2021,Dinheiro,Casa,-120,BRL,-120,BRL,Lençóis de cama
20/10/2021,Dinheiro,Comida,-30,BRL,-30,BRL,Almoço
22/10/2021,Dinheiro,Casa,-20,BRL,-20,BRL,Fogão
22/10/2021,Dinheiro,Presentes,-20,BRL,-20,BRL,Dinheiro Thays
23/10/2021,Dinheiro,Depósitos,50,BRL,50,BRL,Saque Itaú
25/10/2021,Dinheiro,Poupança,0.07,BRL,0.07,BRL,Rendimento
26/10/2021,Dinheiro,Depósitos,330,BRL,330,BRL,Easynvest
26/10/2021,Dinheiro,Casa,-301.31,BRL,-301.31,BRL,Instalação de fogão
27/10/2021,Dinheiro,Casa,-24.75,BRL,-24.75,BRL,Tábua
28/10/2021,Dinheiro,Poupança,108.88,BRL,108.88,BRL,Poupança
28/10/2021,Dinheiro,Casa,-99,BRL,-99,BRL,Varal de chão
29/10/2021,Dinheiro,Casa,-82.23,BRL,-82.23,BRL,Filtro de água
29/10/2021,Dinheiro,Casa,-44.59,BRL,-44.59,BRL,Saia de box
29/10/2021,Dinheiro,Salário,7.175.72,BRL,7.175.72,BRL,Salário novembro
29/10/2021,Dinheiro,Casa,-50,BRL,-50,BRL,Caixa de areia Chaz
29/10/2021,Dinheiro,Comida,-14,BRL,-14,BRL,Água
30/10/2021,Dinheiro,Comida,-12.17,BRL,-12.17,BRL,Café da manhã
30/10/2021,Dinheiro,Casa,-169.99,BRL,-169.99,BRL,Aspirador de pó
30/10/2021,Dinheiro,Comida,-44,BRL,-44,BRL,Frango assado
30/10/2021,Dinheiro,Entretenimento,-399,BRL,-399,BRL,Terno
30/10/2021,Dinheiro,Higiene pessoal,-30,BRL,-30,BRL,Corte de cabelo
30/10/2021,Dinheiro,Entretenimento,-31.6,BRL,-31.6,BRL,Sorvete
30/10/2021,Dinheiro,Comida,-194.63,BRL,-194.63,BRL,Shibata
31/10/2021,Dinheiro,Comida,-86.04,BRL,-86.04,BRL,Café da manhã
31/10/2021,Dinheiro,Casa,-412.79,BRL,-412.79,BRL,Extra
31/10/2021,Dinheiro,Contas,-100,BRL,-100,BRL,Crédito
01/11/2021,Dinheiro,Poupança,0.48,BRL,0.48,BRL,Rendimento
01/11/2021,Dinheiro,Contas,-320.67,BRL,-320.67,BRL,Condomínio
01/11/2021,Dinheiro,Casa,-332.49,BRL,-332.49,BRL,Rack
01/11/2021,Dinheiro,Contas,-46.66,BRL,-46.66,BRL,Internet
01/11/2021,Dinheiro,Casa,-700,BRL,-700,BRL,Sofá e mesa
01/11/2021,Dinheiro,Casa,-100,BRL,-100,BRL,Carreto sofá
02/11/2021,Dinheiro,Comida,-28.5,BRL,-28.5,BRL,Mercearia Chiba
02/11/2021,Dinheiro,Comida,-23.74,BRL,-23.74,BRL,Shibata
02/11/2021,Dinheiro,Comida,-8.19,BRL,-8.19,BRL,Coca Cola
02/11/2021,Dinheiro,Casa,-225.31,BRL,-225.31,BRL,Daiso
02/11/2021,Dinheiro,Animais,-85.8,BRL,-85.8,BRL,Cobasi
02/11/2021,Dinheiro,Presentes,-112,BRL,-112,BRL,Presente Wick
03/11/2021,Dinheiro,Entretenimento,-407.01,BRL,-407.01,BRL,Casamento Wick
03/11/2021,Dinheiro,Casa,-42.1,BRL,-42.1,BRL,Chave de grifo
04/11/2021,Dinheiro,Casa,-8.28,BRL,-8.28,BRL,Cotovelo pia
05/11/2021,Dinheiro,Casa,-140,BRL,-140,BRL,Filtro de água
05/11/2021,Dinheiro,Contas,-1.747.16,BRL,-1.747.16,BRL,Aluguel
05/11/2021,Dinheiro,Presentes,-35.88,BRL,-35.88,BRL,Cerveja Acapulco
08/11/2021,Dinheiro,Entretenimento,-45,BRL,-45,BRL,Lavanderia
08/11/2021,Dinheiro,Casa,-150,BRL,-150,BRL,"Varal, varão e chuveiro"
08/11/2021,Dinheiro,Poupança,1.740,BRL,1.740,BRL,Easynvest
08/11/2021,Dinheiro,Contas,-1.789.48,BRL,-1.789.48,BRL,Crédito
08/11/2021,Dinheiro,Depósitos,886.07,BRL,886.07,BRL,Estorno Guarda roupas
08/11/2021,Dinheiro,Casa,-400,BRL,-400,BRL,Faz tudo
09/11/2021,Dinheiro,Casa,-360,BRL,-360,BRL,Aluguel carro mudança
10/11/2021,Dinheiro,Entretenimento,-94.45,BRL,-94.45,BRL,Trajeto Ourinhos
10/11/2021,Dinheiro,Animais,-41.5,BRL,-41.5,BRL,Areia
11/11/2021,Dinheiro,Presentes,-150,BRL,-150,BRL,Presente Casamento Gian
11/11/2021,Dinheiro,Casa,-87.41,BRL,-87.41,BRL,Daiso
11/11/2021,Dinheiro,Comida,-8.1,BRL,-8.1,BRL,Aveia
11/11/2021,Dinheiro,Casa,-37.48,BRL,-37.48,BRL,Potes
11/11/2021,Dinheiro,Comida,-46,BRL,-46,BRL,Pizza
12/11/2021,Dinheiro,Contas,-47.27,BRL,-47.27,BRL,Comgas
12/11/2021,Dinheiro,Depósitos,779.48,BRL,779.48,BRL,Reembolso
12/11/2021,Dinheiro,Comida,-16.9,BRL,-16.9,BRL,Bolo
13/11/2021,Dinheiro,Comida,-41.8,BRL,-41.8,BRL,Café da manhã
13/11/2021,Dinheiro,Presentes,-25.8,BRL,-25.8,BRL,La Belle
13/11/2021,Dinheiro,Casa,-88.57,BRL,-88.57,BRL,Toalhas de rosto
13/11/2021,Dinheiro,Comida,-50,BRL,-50,BRL,Frango assado
13/11/2021,Dinheiro,Casa,-638.02,BRL,-638.02,BRL,Escrivaninhas
14/11/2021,Dinheiro,Comida,-6,BRL,-6,BRL,Água
15/11/2021,Dinheiro,Entretenimento,-235.48,BRL,-235.48,BRL,Casamento Gian
16/11/2021,Dinheiro,Higiene pessoal,-29.98,BRL,-29.98,BRL,Camisinhas
16/11/2021,Dinheiro,Animais,-91.8,BRL,-91.8,BRL,Areia
16/11/2021,Dinheiro,Comida,-52.19,BRL,-52.19,BRL,Shibata
17/11/2021,Dinheiro,Poupança,3.510,BRL,3.510,BRL,Easynvest
17/11/2021,Dinheiro,Casa,-11,BRL,-11,BRL,Canaleta
17/11/2021,Dinheiro,Contas,-50.99,BRL,-50.99,BRL,Conta Vivo
17/11/2021,Dinheiro,Contas,-2.418.21,BRL,-2.418.21,BRL,Conta crédito
17/11/2021,Dinheiro,Entretenimento,-9,BRL,-9,BRL,Seda
17/11/2021,Dinheiro,Comida,-51,BRL,-51,BRL,Pizza
18/11/2021,Dinheiro,Casa,-80,BRL,-80,BRL,Faz tudo
18/11/2021,Dinheiro,Presentes,-251.9,BRL,-251.9,BRL,Mesa design
19/11/2021,Dinheiro,Presentes,-33,BRL,-33,BRL,Espresso Brigaderier
19/11/2021,Dinheiro,Presentes,-25.9,BRL,-25.9,BRL,Fairy bolo
19/11/2021,Dinheiro,Comida,-42.1,BRL,-42.1,BRL,Café da manhã
20/11/2021,Dinheiro,Comida,-23.6,BRL,-23.6,BRL,Tofu e shimeji
20/11/2021,Dinheiro,Entretenimento,-98.98,BRL,-98.98,BRL,Festival do torresmo
21/11/2021,Dinheiro,Comida,-78.4,BRL,-78.4,BRL,Feira
21/11/2021,Dinheiro,Comida,-91.3,BRL,-91.3,BRL,Shibata
21/11/2021,Dinheiro,Comida,-75.85,BRL,-75.85,BRL,Pasta de amendoim
21/11/2021,Dinheiro,Casa,-14.97,BRL,-14.97,BRL,Potes
21/11/2021,Dinheiro,Casa,-90,BRL,-90,BRL,Carrinho feira
22/11/2021,Dinheiro,Poupança,0.2,BRL,0.2,BRL,Rendimento
24/11/2021,Dinheiro,Comida,-10,BRL,-10,BRL,Guaraná
25/11/2021,Dinheiro,Presentes,-35,BRL,-35,BRL,Bolo
26/11/2021,Dinheiro,Casa,-25.55,BRL,-25.55,BRL,Benjamin
28/11/2021,Dinheiro,Comida,-40,BRL,-40,BRL,Feira
29/11/2021,Dinheiro,Poupança,0.14,BRL,0.14,BRL,Rendimento
01/12/2021,Dinheiro,Depósitos,3.152.43,BRL,3.152.43,BRL,13 parte 1
01/12/2021,Dinheiro,Contas,-300,BRL,-300,BRL,Dinheiro Thays
01/12/2021,Dinheiro,Contas,-58.22,BRL,-58.22,BRL,EDP
01/12/2021,Dinheiro,Salário,8.177.26,BRL,8.177.26,BRL,Salário
01/12/2021,Dinheiro,Contas,-5.618.78,BRL,-5.618.78,BRL,Conta crédito
01/12/2021,Dinheiro,Presentes,-10,BRL,-10,BRL,Dinheiro Thays
01/12/2021,Dinheiro,Contas,-320.67,BRL,-320.67,BRL,Condomínio
01/12/2021,Dinheiro,Presentes,-300,BRL,-300,BRL,Conserto celular
01/12/2021,Dinheiro,Casa,-115,BRL,-115,BRL,Escadinha
02/12/2021,Dinheiro,Comida,-465.9,BRL,-465.9,BRL,Shibata
02/12/2021,Dinheiro,Casa,-150,BRL,-150,BRL,Faz tudo
02/12/2021,Dinheiro,Higiene pessoal,-25,BRL,-25,BRL,Corte de cabelo
02/12/2021,Dinheiro,Presentes,-45.8,BRL,-45.8,BRL,Cursos Thays
02/12/2021,Dinheiro,Contas,-99.99,BRL,-99.99,BRL,Internet
02/12/2021,Dinheiro,Comida,-42,BRL,-42,BRL,Pizza
03/12/2021,Dinheiro,Contas,-1.462.44,BRL,-1.462.44,BRL,Aluguel
03/12/2021,Dinheiro,Comida,-30.56,BRL,-30.56,BRL,Mercadinho
03/12/2021,Dinheiro,Comida,-25.7,BRL,-25.7,BRL,Café da manhã
04/12/2021,Dinheiro,Casa,-514.65,BRL,-514.65,BRL,Microondas
04/12/2021,Dinheiro,Entretenimento,-246.65,BRL,-246.65,BRL,Casamento Riki
04/12/2021,Dinheiro,Comida,-15,BRL,-15,BRL,Água
05/12/2021,Dinheiro,Comida,-100.65,BRL,-100.65,BRL,Akame Sushi
05/12/2021,Dinheiro,Entretenimento,-24.54,BRL,-24.54,BRL,Açaí
06/12/2021,Dinheiro,Comida,-14.53,BRL,-14.53,BRL,Padaria
06/12/2021,Dinheiro,Poupança,1.13,BRL,1.13,BRL,Rendimento
06/12/2021,Dinheiro,Contas,-89.8,BRL,-89.8,BRL,Crédito
06/12/2021,Dinheiro,Animais,-158.9,BRL,-158.9,BRL,Ração
06/12/2021,Dinheiro,Comida,-15.9,BRL,-15.9,BRL,Café
07/12/2021,Dinheiro,Saúde,-100,BRL,-100,BRL,Consulta
08/12/2021,Dinheiro,Contas,-68.9,BRL,-68.9,BRL,Itaú
09/12/2021,Dinheiro,Casa,-20,BRL,-20,BRL,Tampa microondas e saco lava roupas
09/12/2021,Dinheiro,Entretenimento,-27.94,BRL,-27.94,BRL,Doces e salgados
09/12/2021,Dinheiro,Comida,-24.01,BRL,-24.01,BRL,Padaria
10/12/2021,Dinheiro,Contas,-61.39,BRL,-61.39,BRL,Comgas
10/12/2021,Dinheiro,Entretenimento,-150,BRL,-150,BRL,Corre
10/12/2021,Dinheiro,Comida,-64,BRL,-64,BRL,Lanche
10/12/2021,Dinheiro,Entretenimento,-39.94,BRL,-39.94,BRL,Bolo
10/12/2021,Dinheiro,Casa,-50,BRL,-50,BRL,Dinheiro porquinho
11/12/2021,Dinheiro,Roupas,-49.99,BRL,-49.99,BRL,Camiseta
11/12/2021,Dinheiro,Comida,-12.98,BRL,-12.98,BRL,Comida
11/12/2021,Dinheiro,Entretenimento,-30.98,BRL,-30.98,BRL,Kit
11/12/2021,Dinheiro,Entretenimento,-16.65,BRL,-16.65,BRL,Bolo
12/12/2021,Dinheiro,Comida,-23,BRL,-23,BRL,Pastel
12/12/2021,Dinheiro,Comida,-79.9,BRL,-79.9,BRL,Feira
13/12/2021,Dinheiro,Poupança,0.63,BRL,0.63,BRL,Rendimento
